Month,AustralianPort,ForeignPort,Country,PaxIn,FreightIn,MailIn,PaxOut,FreightOut,MailOut,TotalPax,TotalFreight,TotalMail,Year
2009-01,Brisbane,Taipei,Taiwan,8665,96.562,7.915,6470,174.664,2.252,15135,271.226,10.167,2009
2009-01,Sydney,Taipei,Taiwan,5155,21.66,5.834,4489,16.415,0,9644,38.075,5.834,2009
2009-02,Brisbane,Taipei,Taiwan,6311,115.715,6.688000000000001,5272,44.757,1.023,11583,160.47199999999998,7.711,2009
2009-02,Sydney,Taipei,Taiwan,4575,33.628,11.872,3352,16.952,0,7927,50.58,11.872,2009
2009-03,Brisbane,Taipei,Taiwan,5383,120.657,8.612,5117,46.417,1.334,10500,167.074,9.946,2009
2009-03,Sydney,Taipei,Taiwan,4062,49.506,5.976,4385,24.546,0.40900000000000003,8447,74.05199999999999,6.385,2009
2009-04,Brisbane,Taipei,Taiwan,5709,133.008,8.574,5495,42.475,1.051,11204,175.483,9.625,2009
2009-04,Sydney,Taipei,Taiwan,7436,68.736,28.049,7795,18.906,0,15231,87.64200000000001,28.049,2009
2009-05,Brisbane,Taipei,Taiwan,5281,135.792,27.613,5457,51.814,1.141,10738,187.606,28.754,2009
2009-05,Sydney,Taipei,Taiwan,5800,122.44,23.54,6590,25.810000000000002,0.352,12390,148.25,23.892,2009
2009-06,Brisbane,Taipei,Taiwan,4633,180.89600000000002,39.344,5752,56.591,0.798,10385,237.48700000000002,40.142,2009
2009-06,Sydney,Taipei,Taiwan,4359,136.231,13.227,6051,36.176,0.241,10410,172.40699999999998,13.468,2009
2009-07,Brisbane,Taipei,Taiwan,6304,257.067,18.48,3891,52.721999999999994,1.068,10195,309.789,19.548000000000002,2010
2009-07,Sydney,Taipei,Taiwan,5975,137.21800000000002,19.433,5280,22.186,0.38,11255,159.40400000000002,19.813,2010
2009-08,Brisbane,Taipei,Taiwan,4824,247.863,18.511,5575,55.979,1.2,10399,303.842,19.711,2010
2009-08,Sydney,Taipei,Taiwan,5369,126.367,23.506999999999998,6352,39.901,0.109,11721,166.268,23.616,2010
2009-09,Brisbane,Taipei,Taiwan,3909,202.311,27.742,4365,62.638,1.203,8274,264.949,28.945,2010
2009-09,Sydney,Taipei,Taiwan,4156,119.063,14.85,4485,19.667,0.118,8641,138.73,14.968,2010
2009-10,Brisbane,Taipei,Taiwan,5967,241.457,22.241,4619,74.983,1.137,10586,316.44,23.378,2010
2009-10,Sydney,Taipei,Taiwan,5471,76.75,27.367,5246,27.526,0,10717,104.27600000000001,27.367,2010
2009-11,Brisbane,Taipei,Taiwan,4204,274.74,23.799,5999,53.324,1.125,10203,328.064,24.924,2010
2009-11,Sydney,Taipei,Taiwan,4630,102.219,21.363999999999997,6696,15.22,0.349,11326,117.439,21.712999999999997,2010
2009-12,Brisbane,Taipei,Taiwan,4941,210.174,13.154,6845,186.64000000000001,1.303,11786,396.814,14.457,2010
2009-12,Sydney,Taipei,Taiwan,6577,90.54,29.395000000000003,8940,19.671,0,15517,110.21100000000001,29.395000000000003,2010
2010-01,Brisbane,Taipei,Taiwan,6844,156.651,18.099,5169,315.222,0.712,12013,471.873,18.811,2010
2010-01,Sydney,Taipei,Taiwan,8332,56.874,21.213,6348,77.409,0,14680,134.28300000000002,21.213,2010
2010-02,Brisbane,Taipei,Taiwan,5828,165.322,9.52,5333,47.189,0.341,11161,212.511,9.860999999999999,2010
2010-02,Sydney,Taipei,Taiwan,6750,51.816,7.5969999999999995,5403,51.977999999999994,0.785,12153,103.79400000000001,8.382,2010
2010-03,Brisbane,Taipei,Taiwan,4406,219.65,10.952000000000002,4869,50.657,0,9275,270.307,10.952000000000002,2010
2010-03,Sydney,Taipei,Taiwan,4576,71.984,11.278,4547,45.161,1.133,9123,117.145,12.411,2010
2010-04,Brisbane,Taipei,Taiwan,4465,218.07799999999997,11.985,4242,107.479,0,8707,325.55699999999996,11.985,2010
2010-04,Sydney,Taipei,Taiwan,4866,52.912,10.538,3866,37.528,0.494,8732,90.44,11.032,2010
2010-05,Brisbane,Taipei,Taiwan,3549,202.22899999999998,12.561,3906,117.953,0,7455,320.182,12.561,2010
2010-05,Sydney,Taipei,Taiwan,3419,84.712,11.756,3417,77.159,0.691,6836,161.871,12.447000000000001,2010
2010-06,Brisbane,Taipei,Taiwan,4013,171.962,11.833,5038,83.589,0,9051,255.551,11.833,2010
2010-06,Sydney,Taipei,Taiwan,3406,61.397,9.269,4610,49.118,0.696,8016,110.515,9.965,2010
2010-07,Brisbane,Taipei,Taiwan,6197,212.75400000000002,14.589,4957,96.237,0,11154,308.991,14.589,2011
2010-07,Sydney,Taipei,Taiwan,5754,55.127,11.789,4830,41.694,3.172,10584,96.821,14.961,2011
2010-08,Brisbane,Taipei,Taiwan,4675,183.405,13.567,5204,49.583,0,9879,232.988,13.567,2011
2010-08,Sydney,Taipei,Taiwan,4368,39.484,5.311,4591,34.601,0.344,8959,74.08500000000001,5.655,2011
2010-09,Brisbane,Taipei,Taiwan,4232,194.587,13.857,4549,64.428,0,8781,259.015,13.857,2011
2010-09,Sydney,Taipei,Taiwan,4591,64.501,7.253,4651,42.655,0.828,9242,107.156,8.081,2011
2010-10,Brisbane,Taipei,Taiwan,5095,234.233,13.529,4130,66.709,0,9225,300.942,13.529,2011
2010-10,Sydney,Taipei,Taiwan,4743,48.008,7.246,3704,43.105,0.322,8447,91.113,7.5680000000000005,2011
2010-11,Brisbane,Taipei,Taiwan,3512,215.369,13.572,4863,88.547,0,8375,303.916,13.572,2011
2010-11,Sydney,Taipei,Taiwan,3791,88.935,6.523,4650,51.105,0.299,8441,140.04,6.822,2011
2010-12,Brisbane,Taipei,Taiwan,4443,138.563,14.152000000000001,5360,115.878,0,9803,254.44099999999997,14.152000000000001,2011
2010-12,Melbourne,Taipei,Taiwan,..,..,..,..,188.404,0,..,188.404,0,2011
2010-12,Sydney,Taipei,Taiwan,4876,67.461,8.219,5440,60.419,0,10316,127.88,8.219,2011
2011-01,Brisbane,Taipei,Taiwan,4918,139.986,17.79,4196,66.402,0,9114,206.388,17.79,2011
2011-01,Sydney,Taipei,Taiwan,6145,27.493,5.966,5439,73.755,0.401,11584,101.248,6.367,2011
2011-02,Brisbane,Taipei,Taiwan,3753,115.056,9.985,3869,81.609,0,7622,196.665,9.985,2011
2011-02,Sydney,Taipei,Taiwan,5044,17.209,2.18,3711,47.022,0.49,8755,64.231,2.67,2011
2011-03,Brisbane,Taipei,Taiwan,2242,152.233,12.376,2697,168.357,0,4939,320.59,12.376,2011
2011-03,Melbourne,Taipei,Taiwan,..,..,..,..,100.038,0,..,100.038,0,2011
2011-03,Sydney,Taipei,Taiwan,3447,64.004,8.047,3501,63.325,0.57,6948,127.329,8.617,2011
2011-04,Brisbane,Taipei,Taiwan,3544,104.487,12.59,3639,78.444,0,7183,182.931,12.59,2011
2011-04,Melbourne,Taipei,Taiwan,..,..,..,..,110.067,0,..,110.067,0,2011
2011-04,Sydney,Taipei,Taiwan,3789,43.611,13.83,4310,47.563,0.204,8099,91.174,14.034,2011
2011-05,Brisbane,Taipei,Taiwan,2954,106.021,12.016,3159,81.858,0,6113,187.879,12.016,2011
2011-05,Darwin,Taipei,Taiwan,..,..,..,..,0,0,..,0,0,2011
2011-05,Melbourne,Taipei,Taiwan,..,..,..,..,104.853,0,..,104.853,0,2011
2011-05,Sydney,Taipei,Taiwan,2433,35.732,14.308,2581,56.081,0.371,5014,91.813,14.679,2011
2011-06,Brisbane,Taipei,Taiwan,4077,135.927,11.94,4407,51.769,0,8484,187.696,11.94,2011
2011-06,Sydney,Taipei,Taiwan,3700,64.664,12.784,4435,51.345,0.281,8135,116.009,13.065,2011
2011-07,Brisbane,Taipei,Taiwan,5373,190.352,15.167,5590,67.167,0,10963,257.519,15.167,2012
2011-07,Sydney,Taipei,Taiwan,4965,43.585,13.431,4265,52.383,0.308,9230,95.968,13.739,2012
2011-08,Brisbane,Taipei,Taiwan,4583,196.453,7.376,5421,77.632,0,10004,274.085,7.376,2012
2011-08,Sydney,Taipei,Taiwan,4207,63.766,15.904,4782,58.957,0.681,8989,122.723,16.585,2012
2011-09,Brisbane,Taipei,Taiwan,4296,157.679,15.16,5038,115.321,0,9334,273,15.16,2012
2011-09,Sydney,Taipei,Taiwan,3637,61.427,10.457,3923,37.184,0.489,7560,98.611,10.946,2012
2011-10,Brisbane,Taipei,Taiwan,4504,143.25,19.686,4698,54.344,0,9202,197.594,19.686,2012
2011-10,Sydney,Taipei,Taiwan,4705,57.879,20.048,3831,72.015,0.494,8536,129.894,20.542,2012
2011-11,Brisbane,Taipei,Taiwan,3560,178.425,24.506,5107,78.185,0.006,8667,256.61,24.512,2012
2011-11,Sydney,Taipei,Taiwan,2937,75.812,19.838,3474,81.62,0.303,6411,157.432,20.141,2012
2011-12,Brisbane,Taipei,Taiwan,3233,143.631,15.991,5791,63.293,0.009,9024,206.924,16,2012
2011-12,Sydney,Taipei,Taiwan,3388,74.572,24.99,6077,57.448,0.556,9465,132.02,25.546,2012
2012-01,Brisbane,Taipei,Taiwan,4821,119.892,14.516,4972,54.342,0,9793,174.234,14.516,2012
2012-01,Sydney,Taipei,Taiwan,5950,52.658,12.514,5122,59.759,0.496,11072,112.417,13.01,2012
2012-02,Brisbane,Taipei,Taiwan,4253,121.156,17.022,3095,56.238,0,7348,177.394,17.022,2012
2012-02,Sydney,Taipei,Taiwan,5295,44.809,15.918,3380,44.936,0.426,8675,89.745,16.344,2012
2012-03,Brisbane,Taipei,Taiwan,2964,198.319,19.008,4257,69.356,0.011,7221,267.675,19.019,2012
2012-03,Sydney,Taipei,Taiwan,3517,75.197,19.535,4015,38.23,1.056,7532,113.427,20.591,2012
2012-04,Brisbane,Taipei,Taiwan,3843,148.974,16.801,4178,79.475,0.013,8021,228.449,16.814,2012
2012-04,Sydney,Taipei,Taiwan,3662,64.655,18.827,3999,28.732,0.537,7661,93.387,19.364,2012
2012-05,Brisbane,Taipei,Taiwan,2703,130.125,22.054,3379,80.302,0,6082,210.427,22.054,2012
2012-05,Sydney,Taipei,Taiwan,2473,191.047,47.827,2893,122.634,1.917,5366,313.681,49.744,2012
2012-06,Brisbane,Taipei,Taiwan,3368,135.875,21.569,4457,88.013,0,7825,223.888,21.569,2012
2012-06,Sydney,Taipei,Taiwan,2734,172.011,53.108,3814,64.111,1.655,6548,236.122,54.763,2012
2012-07,Brisbane,Taipei,Taiwan,4850,117.438,20.963,4603,86.165,0,9453,203.603,20.963,2013
2012-07,Sydney,Taipei,Taiwan,4428,106.325,52.615,3422,105.52,2.1,7850,211.845,54.715,2013
2012-08,Brisbane,Taipei,Taiwan,3476,141.716,21.215,3930,115.609,0,7406,257.325,21.215,2013
2012-08,Sydney,Taipei,Taiwan,3880,136.706,54.624,4465,70.261,1.51,8345,206.967,56.134,2013
2012-09,Brisbane,Taipei,Taiwan,3106,118.59,20.255,4081,118.519,0,7187,237.109,20.255,2013
2012-09,Sydney,Taipei,Taiwan,3064,128.608,36.955,3477,72.278,1.51,6541,200.886,38.465,2013
2012-10,Brisbane,Taipei,Taiwan,3684,133.788,19.625,3340,117.05799999999999,0,7024,250.846,19.625,2013
2012-10,Sydney,Taipei,Taiwan,4087,143.427,40.7,3333,114.924,2.38,7420,258.351,43.080000000000005,2013
2012-11,Brisbane,Taipei,Taiwan,3194,142.532,20.467,4235,115.396,0.009,7429,257.928,20.476,2013
2012-11,Sydney,Taipei,Taiwan,2589,125.341,55.057,2807,77.928,1.875,5396,203.269,56.932,2013
2012-12,Brisbane,Taipei,Taiwan,3348,103.009,28.303,4854,132.258,0.004,8202,235.267,28.307,2013
2012-12,Sydney,Taipei,Taiwan,3000,93.754,56.706,4546,128.647,3.325,7546,222.401,60.031,2013
2013-01,Brisbane,Taipei,Taiwan,4825,141.521,24.582,4146,146.031,0,8971,287.552,24.582,2013
2013-01,Sydney,Taipei,Taiwan,4250,60.76,46.009,3377,67.88,4.755,7627,128.64,50.764,2013
2013-02,Brisbane,Taipei,Taiwan,3962,105.916,16.663,3415,85.989,0,7377,191.905,16.663,2013
2013-02,Sydney,Taipei,Taiwan,3156,52.945,28.778,2754,55.629,0.85,5910,108.574,29.628,2013
2013-03,Brisbane,Taipei,Taiwan,2999,122.489,31.762,3698,113.8,0,6697,236.289,31.762,2013
2013-03,Sydney,Taipei,Taiwan,2645,83.557,53.736,2715,93.375,6.245,5360,176.932,59.981,2013
2013-04,Brisbane,Taipei,Taiwan,3061,109.29,19.589,2690,103.448,0.001,5751,212.738,19.59,2013
2013-04,Sydney,Taipei,Taiwan,2757,109.449,38.018,2529,64.474,2.365,5286,173.923,40.383,2013
2013-05,Brisbane,Taipei,Taiwan,2771,119.068,28.711,2932,94.903,0,5703,213.971,28.711,2013
2013-05,Sydney,Taipei,Taiwan,2312,102.68,53.13,2420,54.531,4.31,4732,157.211,57.44,2013
2013-06,Brisbane,Taipei,Taiwan,3356,104.572,24.706,4486,87.666,0,7842,192.238,24.706,2013
2013-06,Sydney,Taipei,Taiwan,2682,73.453,28.857,3612,64.696,4.02,6294,138.149,32.877,2013
2013-07,Brisbane,Taipei,Taiwan,4758,112.108,24.646,3949,147.121,0,8707,259.229,24.646,2014
2013-07,Sydney,Taipei,Taiwan,3763,75.191,44.893,3141,96.484,5.825,6904,171.675,50.718,2014
2013-08,Brisbane,Taipei,Taiwan,3420,128.36,26.846,4568,117.617,0,7988,245.977,26.846,2014
2013-08,Sydney,Taipei,Taiwan,3086,100.193,52.649,3169,51.214,5.105,6255,151.407,57.754,2014
2013-09,Brisbane,Taipei,Taiwan,3162,107.598,24.92,4268,70.51599999999999,0,7430,178.114,24.92,2014
2013-09,Sydney,Taipei,Taiwan,3493,49.476,29.701,3288,77.97,5.72,6781,127.446,35.421,2014
2013-10,Brisbane,Taipei,Taiwan,4033,123.408,21.941,3776,83.422,0,7809,206.83,21.941,2014
2013-10,Sydney,Taipei,Taiwan,3668,111.283,38.923,3524,81.928,1.93,7192,193.211,40.853,2014
2013-11,Brisbane,Taipei,Taiwan,2895,147.816,24.755,4236,132.127,0,7131,279.943,24.755,2014
2013-11,Sydney,Taipei,Taiwan,2563,126.865,38.382,3771,76.642,2.24,6334,203.507,40.622,2014
2013-12,Brisbane,Taipei,Taiwan,3412,167.825,19.211,5631,201.383,0,9043,369.208,19.211,2014
2013-12,Sydney,Taipei,Taiwan,2765,138.012,29.828,5664,93.329,3.495,8429,231.341,33.323,2014
2014-01,Brisbane,Taipei,Taiwan,5112,111.078,20.266,4870,177.245,0,9982,288.323,20.266,2014
2014-01,Sydney,Taipei,Taiwan,5746,80.424,24.105,4548,246.87599999999998,5.145,10294,327.3,29.25,2014
2014-02,Brisbane,Taipei,Taiwan,4421,77.804,16.01,3912,121.673,0,8333,199.477,16.01,2014
2014-02,Melbourne,Taipei,Taiwan,..,..,..,..,115,0,..,115,0,2014
2014-02,Sydney,Taipei,Taiwan,4473,72.717,24.44,3359,67.658,5.205,7832,140.375,29.645000000000003,2014
2014-03,Brisbane,Taipei,Taiwan,3478,117.471,18.609,4173,104.11699999999999,0,7651,221.58800000000002,18.609,2014
2014-03,Sydney,Taipei,Taiwan,3014,106.518,26.445,3304,76.914,3.73,6318,183.43200000000002,30.175,2014
2014-04,Brisbane,Taipei,Taiwan,3622,136.89499999999998,19.232,3890,82.871,0,7512,219.76599999999996,19.232,2014
2014-04,Sydney,Taipei,Taiwan,3125,87.183,22.99,3189,58.775999999999996,3.975,6314,145.959,26.965,2014
2014-05,Brisbane,Taipei,Taiwan,3656,138.937,18.358,3797,96.019,0,7453,234.95600000000002,18.358,2014
2014-05,Sydney,Taipei,Taiwan,2967,101.204,45.116,3229,56.278999999999996,5.395,6196,157.48299999999998,50.510999999999996,2014
2014-06,Brisbane,Taipei,Taiwan,3451,136.552,15.052,4440,100.637,0,7891,237.18900000000002,15.052,2014
2014-06,Sydney,Taipei,Taiwan,3152,105.972,33.161,3746,60.757999999999996,3.266,6898,166.73,36.427,2014
2014-07,Brisbane,Taipei,Taiwan,4649,137.414,15.838000000000001,4188,92.502,0,8837,229.91599999999997,15.838000000000001,2015
2014-07,Sydney,Taipei,Taiwan,3698,105.121,38.754,3137,44.577999999999996,5.517,6835,149.699,44.271,2015
2014-08,Brisbane,Taipei,Taiwan,4325,120.67099999999999,20.286,4921,107.38300000000001,0,9246,228.05399999999997,20.286,2015
2014-08,Sydney,Taipei,Taiwan,3316,112.869,34.131,3486,69.693,4.38,6802,182.562,38.511,2015
2014-09,Brisbane,Taipei,Taiwan,4072,143.649,14.649999999999999,4538,110.072,0,8610,253.721,14.649999999999999,2015
2014-09,Sydney,Taipei,Taiwan,3186,108.909,31.621,3436,82.289,4.642,6622,191.198,36.263,2015
2014-10,Brisbane,Taipei,Taiwan,4285,130.825,11.873000000000001,4063,120.2,0,8348,251.02499999999998,11.873000000000001,2015
2014-10,Sydney,Taipei,Taiwan,3009,116.496,33.947,2855,131.571,4.832,5864,248.067,38.779,2015
2014-11,Brisbane,Taipei,Taiwan,3325,131.449,10.112,4536,143.941,0,7861,275.39000000000004,10.112,2015
2014-11,Sydney,Taipei,Taiwan,3018,139.645,27.093,3000,109.143,3.722,6018,248.788,30.815,2015
2014-12,Brisbane,Taipei,Taiwan,3887,148.855,8.119,6598,259.73,0,10485,408.58500000000004,8.119,2015
2014-12,Sydney,Taipei,Taiwan,4622,235.45600000000002,32.438,5906,136.471,2.611,10528,371.927,35.04900000000001,2015
2015-01,Brisbane,Taipei,Taiwan,7005,117.09,7.281000000000001,5091,227.168,0,12096,344.258,7.281000000000001,2015
2015-01,Sydney,Taipei,Taiwan,5629,113.512,25.445999999999998,5042,132.21200000000002,4.2459999999999996,10671,245.724,29.691999999999997,2015
2015-02,Brisbane,Taipei,Taiwan,4739,102.515,6.216,4802,99.441,0,9541,201.95600000000002,6.216,2015
2015-02,Sydney,Taipei,Taiwan,4943,88.37,17.709,4332,71.405,4.322,9275,159.77499999999998,22.031,2015
2015-03,Brisbane,Taipei,Taiwan,4395,86.374,15.712,4630,118.872,0,9025,205.246,15.712,2015
2015-03,Sydney,Taipei,Taiwan,3403,125.763,10.427,3619,76.068,3.324,7022,201.83100000000002,13.751,2015
2015-04,Brisbane,Taipei,Taiwan,3996,111.524,7.826,3950,120.041,0.002,7946,231.56500000000003,7.827999999999999,2015
2015-04,Sydney,Taipei,Taiwan,3393,117.802,19.876,3123,85.85,3.147,6516,203.652,23.023,2015
2015-05,Brisbane,Taipei,Taiwan,3997,116.793,9.293,4504,127.607,0,8501,244.40000000000003,9.293,2015
2015-05,Sydney,Taipei,Taiwan,3237,128.466,17.35,3291,84.03,7.047,6528,212.496,24.397000000000002,2015
2015-06,Brisbane,Taipei,Taiwan,4290,99.648,6.929,4643,112.82900000000001,0,8933,212.477,6.929,2015
2015-06,Sydney,Taipei,Taiwan,3296,151.284,21.47,3845,86.689,3.241,7141,237.97299999999998,24.711,2015
2015-07,Brisbane,Taipei,Taiwan,4970,113.088,8.112,4444,111.299,0,9414,224.387,8.112,2016
2015-07,Sydney,Taipei,Taiwan,3979,121.926,22.906,3357,102.261,4.002,7336,224.187,26.907999999999998,2016
2015-08,Brisbane,Taipei,Taiwan,4113,107.72,5.5809999999999995,4979,126.47200000000001,0,9092,234.192,5.5809999999999995,2016
2015-08,Sydney,Taipei,Taiwan,3922,119.482,29.648,4285,54.256,2.84,8207,173.738,32.488,2016
2015-09,Brisbane,Taipei,Taiwan,4274,102.57300000000001,6.7829999999999995,5191,128.564,0,9465,231.137,6.7829999999999995,2016
2015-09,Sydney,Taipei,Taiwan,3682,128.912,8.805,3983,98.524,2.445,7665,227.436,11.25,2016
2015-10,Brisbane,Taipei,Taiwan,4556,107.405,8.642,4621,97.292,0,9177,204.697,8.642,2016
2015-10,Melbourne,Taipei,Taiwan,433,10.648,0.317,466,40.259,0,899,50.907,0.317,2016
2015-10,Sydney,Taipei,Taiwan,3776,150.792,10.908,3952,110.468,3.173,7728,261.26000000000005,14.081,2016
2015-11,Brisbane,Taipei,Taiwan,3657,94.572,6.003,4520,109.205,0.001,8177,203.77700000000002,6.0040000000000004,2016
2015-11,Melbourne,Taipei,Taiwan,1485,46.748,1.49,1736,124.964,0,3221,171.712,1.49,2016
2015-11,Sydney,Taipei,Taiwan,3977,239.605,38.230000000000004,4572,256.21000000000004,2.9139999999999997,8549,495.81499999999994,41.144,2016
2015-12,Brisbane,Taipei,Taiwan,4457,112.44800000000001,5.314,7032,298.578,0,11489,411.026,5.314,2016
2015-12,Melbourne,Taipei,Taiwan,1724,57.689,1.665,2451,92.337,0,4175,150.026,1.665,2016
2015-12,Sydney,Taipei,Taiwan,4425,223.49599999999998,42.831999999999994,6481,171.445,3.721,10906,394.9409999999999,46.55299999999999,2016
2016-01,Brisbane,Taipei,Taiwan,7183,124.599,5.394,6509,267.88300000000004,0,13692,392.482,5.394,2016
2016-01,Melbourne,Taipei,Taiwan,2269,36.696,2.917,1881,64.459,0,4150,101.155,2.917,2016
2016-01,Sydney,Taipei,Taiwan,5762,131.981,44.54600000000001,5413,95.50699999999999,4.26,11175,227.488,48.806000000000004,2016
2016-02,Brisbane,Taipei,Taiwan,5252,95.606,4.491,4649,117.976,0,9901,213.58199999999997,4.491,2016
2016-02,Melbourne,Taipei,Taiwan,2363,27.659,4.676,1890,50.159,0,4253,77.818,4.676,2016
2016-02,Sydney,Taipei,Taiwan,4868,122.541,33.833,4442,82.786,4.3100000000000005,9310,205.327,38.143,2016
2016-03,Brisbane,Taipei,Taiwan,4399,110.87100000000001,4.963,4743,143.336,0.001,9142,254.20700000000002,4.964,2016
2016-03,Melbourne,Taipei,Taiwan,1749,49.527,5.082,1930,84.289,0,3679,133.816,5.082,2016
2016-03,Sydney,Taipei,Taiwan,5672,202.87599999999998,46.138000000000005,5887,101.575,3.6999999999999997,11559,304.45099999999996,49.83800000000001,2016
2016-04,Brisbane,Taipei,Taiwan,3904,76.238,6.051,4024,116.626,0.021,7928,192.864,6.072,2016
2016-04,Melbourne,Taipei,Taiwan,2399,45.687,6.024,1953,77.879,0,4352,123.566,6.024,2016
2016-04,Sydney,Taipei,Taiwan,3356,99.937,34.108,3598,45.233,3.775,6954,145.17,37.882999999999996,2016
2016-05,Brisbane,Taipei,Taiwan,3727,69.968,5.18,4113,113.491,0,7840,183.459,5.18,2016
2016-05,Melbourne,Taipei,Taiwan,1668,31.007,5.457,1528,111.282,0,3196,142.289,5.457,2016
2016-05,Sydney,Taipei,Taiwan,3433,100.413,40.967,3622,52.822,3.625,7055,153.235,44.592,2016
2016-06,Brisbane,Taipei,Taiwan,4356,86.30499999999999,5.018000000000001,4658,100.87700000000001,0,9014,187.182,5.018000000000001,2016
2016-06,Melbourne,Taipei,Taiwan,2090,19.996,3.76,2808,35.706,0,4898,55.702,3.76,2016
2016-06,Sydney,Taipei,Taiwan,3373,87.088,45.941,3850,82.274,3.062,7223,169.362,49.003,2016
2016-07,Brisbane,Taipei,Taiwan,5016,67.086,5.374,4702,99.326,0,9718,166.412,5.374,2017
2016-07,Melbourne,Taipei,Taiwan,3817,39.292,3.515,2908,42.724,0,6725,82.01599999999999,3.515,2017
2016-07,Sydney,Taipei,Taiwan,4557,85.796,32.165,3760,33.736,3.417,8317,119.532,35.582,2017
2016-08,Brisbane,Taipei,Taiwan,4190,86.173,4.814,4790,87.854,0,8980,174.02700000000002,4.814,2017
2016-08,Melbourne,Taipei,Taiwan,3663,37.728,5.246,3898,72.026,0,7561,109.75399999999999,5.246,2017
2016-08,Sydney,Taipei,Taiwan,4024,78.742,34.722,4398,81.32900000000001,3.157,8422,160.071,37.879000000000005,2017
2016-09,Brisbane,Taipei,Taiwan,4390,97.77699999999999,4.229,4998,89.19800000000001,0,9388,186.97499999999997,4.229,2017
2016-09,Melbourne,Taipei,Taiwan,2802,35.993,4.664,3291,53.782,0,6093,89.775,4.664,2017
2016-09,Sydney,Taipei,Taiwan,4167,62.982,23.392,4600,76.50999999999999,2.9669999999999996,8767,139.492,26.358999999999998,2017
2016-10,Brisbane,Taipei,Taiwan,6415,177.467,4.798,5967,96.25399999999999,0,12382,273.721,4.798,2017
2016-10,Melbourne,Taipei,Taiwan,2562,31.951,5.722,3068,201.622,0,5630,233.57299999999998,5.722,2017
2016-10,Sydney,Taipei,Taiwan,3785,77.202,26.099,3722,79.733,2.934,7507,156.935,29.033,2017
2016-11,Brisbane,Taipei,Taiwan,6142,215.68,5.132,7313,301.586,0,13455,517.2660000000001,5.132,2017
2016-11,Melbourne,Taipei,Taiwan,2039,41.797,5.885,2546,256.196,0,4585,297.993,5.885,2017
2016-11,Sydney,Taipei,Taiwan,4306,123.11600000000001,35.053,4576,153.34799999999998,3.441,8882,276.46400000000006,38.49399999999999,2017
2016-12,Brisbane,Taipei,Taiwan,6399,208.005,1.794,8494,371.582,0,14893,579.587,1.794,2017
2016-12,Melbourne,Taipei,Taiwan,2069,31.953,3.967,1995,140.447,0,4064,172.4,3.967,2017
2016-12,Sydney,Taipei,Taiwan,4555,118.82600000000001,31.965000000000003,5720,118.979,1.172,10275,237.805,33.13700000000001,2017
2017-01,Brisbane,Taipei,Taiwan,9011,158.60299999999998,3.643,7731,344.69,0,16742,503.293,3.643,2017
2017-01,Melbourne,Taipei,Taiwan,2172,43.603,3.592,1979,231.207,0,4151,274.81,3.592,2017
2017-01,Sydney,Taipei,Taiwan,5484,88.142,33.89,5179,103.47600000000001,1.552,10663,191.618,35.44200000000001,2017
2017-02,Brisbane,Taipei,Taiwan,8005,149.32299999999998,2.691,6593,206.873,0,14598,356.19599999999997,2.691,2017
2017-02,Melbourne,Taipei,Taiwan,2138,27.288,6.628,1672,161.84699999999998,0,3810,189.135,6.628,2017
2017-02,Sydney,Taipei,Taiwan,5298,86.539,26.842,4386,162.059,2.255,9684,248.598,29.096999999999998,2017
2017-03,Brisbane,Taipei,Taiwan,6537,182.403,4.478,7460,234.224,0,13997,416.627,4.478,2017
2017-03,Melbourne,Taipei,Taiwan,1693,42.043,4.918,2307,155.76,0,4000,197.803,4.918,2017
2017-03,Sydney,Taipei,Taiwan,3962,104.643,41.751,4566,117.095,2.4989999999999997,8528,221.73799999999997,44.24999999999999,2017
2017-04,Brisbane,Taipei,Taiwan,7366,207.742,4.537,7158,250.428,0,14524,458.16999999999996,4.537,2017
2017-04,Melbourne,Taipei,Taiwan,2960,42.932,5.274,3243,133.709,0,6203,176.64100000000002,5.274,2017
2017-04,Sydney,Taipei,Taiwan,3094,86.342,26.311,3159,42.299,1.684,6253,128.641,27.995,2017
2017-05,Brisbane,Taipei,Taiwan,6473,186.227,4.482,6321,242.209,0,12794,428.436,4.482,2017
2017-05,Melbourne,Taipei,Taiwan,1968,31.345,4.892,2168,175.23000000000002,0,4136,206.575,4.892,2017
2017-05,Sydney,Taipei,Taiwan,3525,68.248,38.854,3402,35.061,4.47,6927,103.309,43.324,2017
2017-06,Brisbane,Taipei,Taiwan,7316,211.561,2.497,8127,134.167,0,15443,345.728,2.497,2017
2017-06,Melbourne,Taipei,Taiwan,2132,15.713,2.539,2575,28.611,0,4707,44.324,2.539,2017
2017-06,Sydney,Taipei,Taiwan,3104,60.447,16.914,3611,41.362,2.395,6715,101.809,19.309,2017
2017-07,Brisbane,Taipei,Taiwan,8220,239.203,3.826,7118,143.787,0,15338,382.99,3.826,2018
2017-07,Melbourne,Taipei,Taiwan,3215,32.423,5.58,2622,31.933,0,5837,64.356,5.58,2018
2017-07,Sydney,Taipei,Taiwan,4475,85.135,6.584,3710,47.992,2.928,8185,133.127,9.512,2018
2017-08,Brisbane,Taipei,Taiwan,7460,270.243,4.7059999999999995,8143,125.8,0,15603,396.043,4.7059999999999995,2018
2017-08,Melbourne,Taipei,Taiwan,2779,31.588,5.787,2766,43.49,0,5545,75.078,5.787,2018
2017-08,Sydney,Taipei,Taiwan,4053,62.899,7.151,4506,63.477,2.617,8559,126.376,9.768,2018
2017-09,Brisbane,Taipei,Taiwan,6361,228.66500000000002,4.916,7132,176.786,0,13493,405.451,4.916,2018
2017-09,Melbourne,Taipei,Taiwan,1975,25.509,5.559,2287,147.577,0,4262,173.086,5.559,2018
2017-09,Sydney,Taipei,Taiwan,3875,78.409,16.999,4262,105.572,4.564,8137,183.981,21.563,2018
2017-10,Brisbane,Taipei,Taiwan,6789,187.10899999999998,4.772,7157,126.734,0,13946,313.84299999999996,4.772,2018
2017-10,Melbourne,Taipei,Taiwan,2324,19.518,4.944,2171,166.034,0,4495,185.55200000000002,4.944,2018
2017-10,Sydney,Taipei,Taiwan,4350,88.645,28.005,4153,100.539,3.94,8503,189.184,31.945,2018
2017-11,Brisbane,Taipei,Taiwan,5473,190.084,3.947,6464,196.549,0,11937,386.633,3.947,2018
2017-11,Melbourne,Taipei,Taiwan,1776,32.236,5.931,2042,162.983,0,3818,195.219,5.931,2018
2017-11,Sydney,Taipei,Taiwan,5140,186.475,23.533,5727,116.667,5.216,10867,303.14200000000005,28.749000000000002,2018
2017-12,Brisbane,Taipei,Taiwan,8099,207.30200000000002,3.503,10714,402.731,0,18813,610.033,3.503,2018
2017-12,Melbourne,Taipei,Taiwan,1868,34.542,3.217,1521,114.72699999999999,0,3389,149.269,3.217,2018
2017-12,Sydney,Taipei,Taiwan,10529,259.813,46.477999999999994,16855,588.973,1.808,27384,848.786,48.285999999999994,2018
2018-01,Brisbane,Taipei,Taiwan,10732,143.80599999999998,3.4880000000000004,8498,373.649,0,19230,517.455,3.4880000000000004,2018
2018-01,Melbourne,Taipei,Taiwan,2425,29.736,3.738,1689,100.735,0,4114,130.471,3.738,2018
2018-01,Sydney,Taipei,Taiwan,14795,175.767,21.291,11252,669.297,2.129,26047,845.0640000000001,23.42,2018
2018-02,Brisbane,Taipei,Taiwan,7910,165.73199999999997,3.52,8242,228.843,0,16152,394.575,3.52,2018
2018-02,Melbourne,Taipei,Taiwan,1951,26.778,3.36,1955,135.861,0,3906,162.639,3.36,2018
2018-02,Sydney,Taipei,Taiwan,10622,263.087,27.966,11077,201.183,3.088,21699,464.27,31.054000000000002,2018
2018-03,Brisbane,Taipei,Taiwan,6774,153.825,4.236000000000001,7784,206.84,0,14558,360.66499999999996,4.236000000000001,2018
2018-03,Melbourne,Taipei,Taiwan,2355,70.449,3.799,2856,186.66699999999997,0,5211,257.116,3.799,2018
2018-03,Sydney,Taipei,Taiwan,8105,313.388,43.302,10509,599.9929999999999,2.223,18614,913.3810000000001,45.525000000000006,2018
2018-04,Brisbane,Taipei,Taiwan,7535,166.53799999999998,4.354,7479,220.03,0.05,15014,386.568,4.404,2018
2018-04,Melbourne,Taipei,Taiwan,2781,39.738,1.064,2608,88.459,0,5389,128.197,1.064,2018
2018-04,Sydney,Taipei,Taiwan,8382,346.76300000000003,35.28,9544,447.744,3.6049999999999995,17926,794.5070000000001,38.885000000000005,2018
2018-05,Brisbane,Taipei,Taiwan,5859,161.38899999999998,5.583,6446,271.05600000000004,0,12305,432.445,5.583,2018
2018-05,Melbourne,Taipei,Taiwan,1967,70.93,0.799,2216,136.186,0,4183,207.116,0.799,2018
2018-05,Sydney,Taipei,Taiwan,6340,376.288,43.665000000000006,7078,576.422,3.83,13418,952.71,47.495000000000005,2018
2018-06,Brisbane,Taipei,Taiwan,8372,244.348,5.005,9484,288.38300000000004,0,17856,532.731,5.005,2018
2018-06,Melbourne,Taipei,Taiwan,2467,116.729,0.777,3513,210.933,0,5980,327.662,0.777,2018
2018-06,Sydney,Taipei,Taiwan,6110,449.006,58.424,10592,544.376,3.777,16702,993.382,62.201,2018
2018-07,Brisbane,Taipei,Taiwan,11017,268.435,4.277,10140,277.50300000000004,0,21157,545.9380000000001,4.277,2019
2018-07,Melbourne,Taipei,Taiwan,3393,92.526,1.014,3042,99.242,0,6435,191.768,1.014,2019
2018-07,Sydney,Taipei,Taiwan,12270,399.036,56.047,10288,351.464,4.3549999999999995,22558,750.5,60.402,2019
2018-08,Brisbane,Taipei,Taiwan,8752,223.766,5.038,10753,281.299,0,19505,505.06500000000005,5.038,2019
2018-08,Melbourne,Taipei,Taiwan,2518,85.911,2.216,2991,111.288,0,5509,197.199,2.216,2019
2018-08,Sydney,Taipei,Taiwan,7545,386.56,41.295,9425,498.30499999999995,3.494,16970,884.865,44.789,2019
2018-09,Brisbane,Taipei,Taiwan,7777,255.47500000000002,5.442,10040,278.501,0,17817,533.976,5.442,2019
2018-09,Melbourne,Taipei,Taiwan,2571,99.857,2.877,3364,307.601,0.354,5935,407.45799999999997,3.231,2019
2018-09,Sydney,Taipei,Taiwan,7570,421.611,31.561999999999998,9902,600.222,3.297,17472,1021.833,34.858999999999995,2019
2018-10,Brisbane,Taipei,Taiwan,9219,219.351,4.342,8349,267.812,0,17568,487.163,4.342,2019
2018-10,Melbourne,Taipei,Taiwan,3554,140.587,3.739,3182,373.16,0,6736,513.747,3.739,2019
2018-10,Sydney,Taipei,Taiwan,8596,352.462,31.166999999999998,7032,451.716,1.754,15628,804.178,32.921,2019
2018-11,Brisbane,Taipei,Taiwan,7102,243.712,4.261,9219,307.409,0.001,16321,551.121,4.2620000000000005,2019
2018-11,Melbourne,Taipei,Taiwan,2489,115.622,2.327,3355,396.95799999999997,0,5844,512.5799999999999,2.327,2019
2018-11,Sydney,Taipei,Taiwan,5667,294.036,34.543,7156,478.91,2.051,12823,772.946,36.594,2019
2018-12,Brisbane,Taipei,Taiwan,9547,242.377,4.186,13256,404.322,0,22803,646.6990000000001,4.186,2019
2018-12,Melbourne,Taipei,Taiwan,3209,94.66,4.148,4769,418.856,0,7978,513.5160000000001,4.148,2019
2018-12,Sydney,Taipei,Taiwan,9322,370.016,34.479,15019,586.3700000000001,1.264,24341,956.3860000000002,35.743,2019
2019-01,Brisbane,Taipei,Taiwan,13275,138.36599999999999,3.9589999999999996,11255,507.713,0,24530,646.079,3.9589999999999996,2019
2019-01,Melbourne,Taipei,Taiwan,4437,78.232,2.413,3861,373.09,0,8298,451.322,2.413,2019
2019-01,Sydney,Taipei,Taiwan,14629,240.57800000000003,26.975,10596,626.0999999999999,1.442,25225,866.678,28.417,2019
2019-02,Brisbane,Taipei,Taiwan,10329,175.703,3.673,8889,199.591,0,19218,375.29400000000004,3.673,2019
2019-02,Melbourne,Taipei,Taiwan,3044,51.093,1.39,2492,186.79500000000002,0,5536,237.888,1.39,2019
2019-02,Sydney,Taipei,Taiwan,8729,144.06300000000002,17.186,6904,210.87800000000001,0.9369999999999999,15633,354.94100000000003,18.123,2019
2019-03,Brisbane,Taipei,Taiwan,9113,216.74099999999999,3.929,10090,351.687,0,19203,568.428,3.929,2019
2019-03,Melbourne,Taipei,Taiwan,2941,95.126,3.61,3364,406.306,0,6305,501.432,3.61,2019
2019-03,Sydney,Taipei,Taiwan,5045,254.741,37.797,6264,434.98699999999997,2.013,11309,689.7280000000001,39.809999999999995,2019
2019-04,Brisbane,Taipei,Taiwan,8896,231.75500000000002,3.58,10134,249.724,0.02,19030,481.479,3.6,2019
2019-04,Melbourne,Taipei,Taiwan,3216,68.385,4.086,3535,143.693,0,6751,212.07800000000003,4.086,2019
2019-04,Sydney,Taipei,Taiwan,8546,256.323,35.257,9696,493.89,1.5470000000000002,18242,750.213,36.803999999999995,2019
2019-05,Brisbane,Taipei,Taiwan,8772,274.073,3.5089999999999995,8611,257.598,0,17383,531.6709999999999,3.5089999999999995,2019
2019-05,Melbourne,Taipei,Taiwan,2334,65.818,4.114,2471,123.016,0,4805,188.834,4.114,2019
2019-05,Sydney,Taipei,Taiwan,6484,244.297,34.997,7368,417.034,1.81,13852,661.331,36.807,2019
2019-06,Brisbane,Taipei,Taiwan,8103,154.871,4.4639999999999995,9396,272.29200000000003,0,17499,427.163,4.4639999999999995,2019
2019-06,Melbourne,Taipei,Taiwan,3220,102.729,2.157,3558,162.225,0,6778,264.954,2.157,2019
2019-06,Sydney,Taipei,Taiwan,8083,352.601,33.439,10215,399.233,1.921,18298,751.834,35.36,2019
2019-07,Brisbane,Taipei,Taiwan,9346,114.166,3.795,7646,267.13800000000003,0,16992,381.304,3.795,2020
2019-07,Melbourne,Taipei,Taiwan,4060,85.339,8.477,3148,157.197,0,7208,242.536,8.477,2020
2019-07,Sydney,Taipei,Taiwan,11618,379.563,40.166,9840,300.53400000000005,2.008,21458,680.097,42.174,2020
2019-08,Brisbane,Taipei,Taiwan,11256,196.19,4.308,12273,283.1,0,23529,479.28999999999996,4.308,2020
2019-08,Melbourne,Taipei,Taiwan,3488,120.623,9.157,3579,195.75,0,7067,316.373,9.157,2020
2019-08,Sydney,Taipei,Taiwan,9949,322.16700000000003,56.616,10548,560.188,1.801,20497,882.355,58.417,2020
2019-09,Brisbane,Taipei,Taiwan,8846,240.977,4.68,10658,228.12900000000002,0,19504,469.106,4.68,2020
2019-09,Melbourne,Taipei,Taiwan,3184,112.649,8.493,3649,198.571,0,6833,311.22,8.493,2020
2019-09,Sydney,Taipei,Taiwan,8367,395.177,60.849999999999994,10245,502.146,1.117,18612,897.3230000000001,61.967,2020
2019-10,Brisbane,Taipei,Taiwan,10258,288.711,3.433,9776,235.594,0,20034,524.3050000000001,3.433,2020
2019-10,Melbourne,Taipei,Taiwan,3495,97.964,7.702,3470,221.771,0,6965,319.735,7.702,2020
2019-10,Sydney,Taipei,Taiwan,9854,373.552,56.856,8685,502.574,1.56,18539,876.126,58.416000000000004,2020
2019-11,Brisbane,Taipei,Taiwan,8604,316.779,4.2829999999999995,10865,338.168,0,19469,654.947,4.2829999999999995,2020
2019-11,Melbourne,Taipei,Taiwan,4152,133.734,14.393,4400,316.145,0,8552,449.879,14.393,2020
2019-11,Sydney,Taipei,Taiwan,6134,282.932,41.495,7271,439.491,2.589,13405,722.423,44.083999999999996,2020
2019-12,Brisbane,Taipei,Taiwan,11680,331.32599999999996,3.0229999999999997,17003,447.493,0,28683,778.819,3.0229999999999997,2020
2019-12,Melbourne,Taipei,Taiwan,4010,131.425,16.431,5320,385.122,0,9330,516.547,16.431,2020
2019-12,Sydney,Taipei,Taiwan,8889,300.674,97.539,14350,879.3499999999999,1.18,23239,1180.024,98.71900000000001,2020
2020-01,Brisbane,Taipei,Taiwan,16254,282.583,2.9530000000000003,13373,365.53,0,29627,648.113,2.9530000000000003,2020
2020-01,Melbourne,Taipei,Taiwan,5208,89.567,11.811,4834,346.369,0,10042,435.93600000000004,11.811,2020
2020-01,Sydney,Taipei,Taiwan,13831,269.33000000000004,89.113,10994,467.75300000000004,1.104,24825,737.0830000000001,90.217,2020
2020-02,Brisbane,Taipei,Taiwan,10261,191.036,3.277,8307,493.98699999999997,0,18568,685.023,3.277,2020
2020-02,Melbourne,Taipei,Taiwan,4223,70.668,6.235,3538,293.896,0,7761,364.564,6.235,2020
2020-02,Sydney,Taipei,Taiwan,7659,203.023,53.011,6977,572.508,2.424,14636,775.5310000000001,55.435,2020
2020-03,Brisbane,Taipei,Taiwan,2545,289.199,7.0680000000000005,4606,546.76,0,7151,835.9590000000001,7.0680000000000005,2020
2020-03,Melbourne,Taipei,Taiwan,1459,136.893,8.646,2495,369.259,0,3954,506.15200000000004,8.646,2020
2020-03,Sydney,Taipei,Taiwan,1739,258.44,57.479,4222,474.851,2.819,5961,733.2909999999999,60.298,2020
2020-04,Brisbane,Taipei,Taiwan,56,388.497,0.905,638,460.744,0,694,849.241,0.905,2020
2020-04,Melbourne,Taipei,Taiwan,39,41.31,0.271,264,51.567,0,303,92.87700000000001,0.271,2020
2020-04,Sydney,Taipei,Taiwan,51,274.858,60.184,636,445.177,1.428,687,720.035,61.611999999999995,2020
2020-05,Brisbane,Taipei,Taiwan,37,358.08500000000004,0,313,502.35699999999997,0,350,860.442,0,2020
2020-05,Melbourne,Taipei,Taiwan,38,86.419,1.058,748,191.218,0,786,277.637,1.058,2020
2020-05,Sydney,Taipei,Taiwan,29,451.656,32.104,542,584.2860000000001,0.468,571,1035.9420000000002,32.571999999999996,2020
2020-06,Brisbane,Taipei,Taiwan,225,403.433,0,498,377.961,0,723,781.394,0,2020
2020-06,Melbourne,Taipei,Taiwan,66,26.304,3.142,330,46.097,0,396,72.401,3.142,2020
2020-06,Sydney,Taipei,Taiwan,79,546.4449999999999,4.341,318,638.434,0.273,397,1184.879,4.614,2020
2020-07,Brisbane,Taipei,Taiwan,160,506.498,0,402,373.46999999999997,0,562,879.9680000000001,0,2021
2020-07,Melbourne,Taipei,Taiwan,..,52.064,1.612,321,113.335,0,321,165.399,1.612,2021
2020-07,Sydney,Taipei,Taiwan,80,641.4780000000001,42.125,219,842.401,0.221,299,1483.8790000000001,42.346,2021
2020-08,Brisbane,Taipei,Taiwan,51,707.296,0,315,579.6170000000001,0,366,1286.913,0,2021
2020-08,Melbourne,Taipei,Taiwan,..,36.689,0.031,421,52.854,0,421,89.543,0.031,2021
2020-08,Sydney,Taipei,Taiwan,56,866.9279999999999,79.416,252,1198.36,0.6759999999999999,308,2065.288,80.092,2021
2020-09,Brisbane,Taipei,Taiwan,54,551.259,0,328,695.5600000000001,0,382,1246.819,0,2021
2020-09,Melbourne,Taipei,Taiwan,..,24.858,0,361,55.281,0,361,80.139,0,2021
2020-09,Sydney,Taipei,Taiwan,88,832.081,61.065000000000005,222,1375.0159999999998,0.768,310,2207.0969999999998,61.833000000000006,2021
2020-10,Brisbane,Taipei,Taiwan,125,632.321,0,370,694.764,0,495,1327.085,0,2021
2020-10,Melbourne,Taipei,Taiwan,..,32.878,0,238,51.56,0,238,84.438,0,2021
2020-10,Sydney,Taipei,Taiwan,79,1004.4730000000001,59.828,259,1728.5819999999999,2.176,338,2733.055,62.004,2021
2020-11,Brisbane,Taipei,Taiwan,207,580.531,0,412,794.095,0,619,1374.626,0,2021
2020-11,Melbourne,Taipei,Taiwan,..,27.924,0,111,58.216,0,111,86.14,0,2021
2020-11,Sydney,Taipei,Taiwan,119,883.527,70.385,237,1813.002,2.067,356,2696.529,72.452,2021
2020-12,Brisbane,Taipei,Taiwan,155,515.669,0,279,882.45,0,434,1398.1190000000001,0,2021
2020-12,Melbourne,Taipei,Taiwan,61,52.856,0,146,123.693,0,207,176.549,0,2021
2020-12,Sydney,Taipei,Taiwan,99,872.048,72.48700000000001,170,1715.2720000000002,1.7760000000000002,269,2587.32,74.26300000000002,2021
2021-01,Brisbane,Taipei,Taiwan,79,319.858,0,254,564.409,0,333,884.267,0,2021
2021-01,Melbourne,Taipei,Taiwan,64,27.505,0,193,92.687,0,257,120.192,0,2021
2021-01,Sydney,Taipei,Taiwan,65,633.0160000000001,65.586,213,1529.3600000000001,1.8639999999999999,278,2162.3759999999997,67.45,2021
2021-02,Brisbane,Taipei,Taiwan,44,266.684,0,91,426.757,0,135,693.441,0,2021
2021-02,Melbourne,Taipei,Taiwan,20,21.812,0,59,18.173,0,79,39.985,0,2021
2021-02,Sydney,Taipei,Taiwan,64,593.6,39.68300000000001,107,636.577,1.927,171,1230.1770000000001,41.610000000000014,2021
2021-03,Brisbane,Taipei,Taiwan,94,465.522,0,103,537.315,0,197,1002.837,0,2021
2021-03,Melbourne,Taipei,Taiwan,..,31.572,0,88,39.834,0,88,71.406,0,2021
2021-03,Sydney,Taipei,Taiwan,127,738.9810000000001,68.129,98,585.0329999999999,1.5,225,1324.0140000000001,69.629,2021
2021-04,Brisbane,Taipei,Taiwan,56,626.8330000000001,0,147,456.699,0,203,1083.5320000000002,0,2021
2021-04,Melbourne,Taipei,Taiwan,16,32.564,0,103,40.041,0,119,72.60499999999999,0,2021
2021-04,Sydney,Taipei,Taiwan,27,779.529,88.378,53,868.991,1.6909999999999998,80,1648.5200000000002,90.06899999999999,2021
2021-05,Brisbane,Taipei,Taiwan,68,575.985,0,102,506.76,0,170,1082.7450000000001,0,2021
2021-05,Melbourne,Taipei,Taiwan,..,13.223,0.114,..,14.682,0,..,27.905,0.114,2021
2021-05,Sydney,Taipei,Taiwan,..,698.011,79.636,..,882.922,1.29,..,1580.9329999999998,80.926,2021
2021-06,Brisbane,Taipei,Taiwan,59,559.298,0,45,405.6809999999999,0,104,964.9789999999999,0,2021
2021-06,Melbourne,Taipei,Taiwan,..,15.079,0,..,14.317,0,..,29.396,0,2021
2021-06,Sydney,Taipei,Taiwan,..,870.4929999999999,91.118,..,914.714,2.328,..,1785.2069999999999,93.446,2021
2021-07,Brisbane,Taipei,Taiwan,131,616.3,0,84,443.072,0,215,1059.372,0,2022
2021-07,Melbourne,Taipei,Taiwan,55,57.261,0,29,142.433,0,84,199.694,0,2022
2021-07,Sydney,Taipei,Taiwan,54,825.4749999999999,85.78699999999999,38,855.5559999999999,1.353,92,1681.031,87.13999999999999,2022
2021-08,Brisbane,Taipei,Taiwan,80,665.997,13.897,79,459.87299999999993,0.58,159,1125.87,14.477,2022
2021-08,Melbourne,Taipei,Taiwan,40,175.714,3.39,22,266.692,0,62,442.406,3.39,2022
2021-08,Sydney,Taipei,Taiwan,34,946.928,104.29299999999999,40,994.643,1.3679999999999999,74,1941.571,105.66099999999999,2022
2021-09,Brisbane,Taipei,Taiwan,67,730.704,9.141,70,435.56100000000004,0,137,1166.2649999999999,9.141,2022
2021-09,Melbourne,Taipei,Taiwan,40,263.377,3.643,29,509.432,0,69,772.809,3.643,2022
2021-09,Sydney,Taipei,Taiwan,25,879.3679999999999,77.514,14,1275.522,0.518,39,2154.89,78.032,2022
2021-10,Brisbane,Taipei,Taiwan,..,747.769,7.666,..,528.914,0,..,1276.683,7.666,2022
2021-10,Melbourne,Taipei,Taiwan,29,245.08399999999997,0.622,63,561.789,0,92,806.8729999999999,0.622,2022
2021-10,Sydney,Taipei,Taiwan,..,879.505,75.264,..,1559.088,0.5800000000000001,..,2438.593,75.844,2022
2021-11,Brisbane,Taipei,Taiwan,..,771.694,8.327,..,639.234,0,..,1410.9279999999999,8.327,2022
2021-11,Melbourne,Taipei,Taiwan,31,266.631,0.351,53,532.868,0,84,799.499,0.351,2022
2021-11,Sydney,Taipei,Taiwan,65,888.9870000000001,74.089,117,1559.377,0.628,182,2448.3640000000005,74.71700000000001,2022
2021-12,Brisbane,Taipei,Taiwan,78,632.2379999999999,8.352,232,672.88,0,310,1305.118,8.352,2022
2021-12,Melbourne,Taipei,Taiwan,70,276.758,0.686,93,617.933,0,163,894.6909999999999,0.686,2022
2021-12,Sydney,Taipei,Taiwan,140,753.437,63.619,226,1515.414,0.30400000000000005,366,2268.851,63.923,2022
2022-01,Brisbane,Taipei,Taiwan,155,786.164,8.029,159,723.3839999999999,0,314,1509.548,8.029,2022
2022-01,Melbourne,Taipei,Taiwan,150,270.45,0.431,89,613.571,0,239,884.021,0.431,2022
2022-01,Sydney,Taipei,Taiwan,237,825.294,66.21100000000001,159,1693.596,0.08,396,2518.89,66.29100000000001,2022
2022-02,Brisbane,Taipei,Taiwan,279,872.3249999999999,9.964,240,600.1920000000001,0,519,1472.5169999999998,9.964,2022
2022-02,Melbourne,Taipei,Taiwan,319,279.897,0.274,115,463.797,0,434,743.694,0.274,2022
2022-02,Sydney,Taipei,Taiwan,358,713.169,279.912,179,666.846,0.09799999999999999,537,1380.0149999999999,280.01,2022
2022-03,Brisbane,Taipei,Taiwan,394,715.694,10.604,242,841.793,0,636,1557.487,10.604,2022
2022-03,Melbourne,Taipei,Taiwan,220,267.421,0.499,119,651.004,0,339,918.425,0.499,2022
2022-03,Sydney,Taipei,Taiwan,285,748.0699999999999,86.42600000000002,235,982.4110000000001,0.08499999999999999,520,1730.481,86.51100000000001,2022
2022-04,Brisbane,Taipei,Taiwan,455,578.722,8.619,419,635.521,0,874,1214.243,8.619,2022
2022-04,Melbourne,Taipei,Taiwan,221,210.738,0.37,156,338.811,0,377,549.549,0.37,2022
2022-04,Sydney,Taipei,Taiwan,237,681.064,92.728,181,608.6990000000001,0.086,418,1289.763,92.814,2022
2022-05,Brisbane,Taipei,Taiwan,411,563.967,7.707000000000001,338,602.206,0,749,1166.173,7.707000000000001,2022
2022-05,Melbourne,Taipei,Taiwan,267,146.678,0.378,148,169.12400000000002,0,415,315.802,0.378,2022
2022-05,Sydney,Taipei,Taiwan,301,579.319,88.71900000000001,177,953.836,0.10400000000000001,478,1533.155,88.82300000000001,2022
2022-06,Brisbane,Taipei,Taiwan,877,451.437,7.8999999999999995,634,620.391,0,1511,1071.828,7.8999999999999995,2022
2022-06,Melbourne,Taipei,Taiwan,349,199.42899999999997,0.354,311,269.496,0,660,468.92499999999995,0.354,2022
2022-06,Sydney,Taipei,Taiwan,479,627.232,89.757,403,645.896,0.121,882,1273.128,89.87800000000001,2022
2022-07,Brisbane,Taipei,Taiwan,1373,381.729,5.895,1138,572.2330000000001,0,2511,953.962,5.895,2023
2022-07,Melbourne,Taipei,Taiwan,577,176.806,2.198,338,318.682,0,915,495.488,2.198,2023
2022-07,Sydney,Taipei,Taiwan,741,634.403,89.52600000000001,384,812.465,0.09100000000000001,1125,1446.868,89.617,2023
2022-08,Brisbane,Taipei,Taiwan,1318,409.96000000000004,8.859,1392,543.548,0,2710,953.5079999999999,8.859,2023
2022-08,Melbourne,Taipei,Taiwan,632,254.674,8.964,763,551.694,0,1395,806.3679999999999,8.964,2023
2022-08,Sydney,Taipei,Taiwan,664,630.937,83.84899999999999,720,692.754,4.589,1384,1323.6909999999998,88.43799999999999,2023
2022-09,Brisbane,Taipei,Taiwan,2355,410.251,8.675,1912,513.056,0,4267,923.3069999999999,8.675,2023
2022-09,Melbourne,Taipei,Taiwan,986,281.667,11.548,873,583.592,0,1859,865.259,11.548,2023
2022-09,Sydney,Taipei,Taiwan,925,784.504,68.12100000000001,1050,951.467,0.084,1975,1735.971,68.20500000000001,2023
2022-10,Brisbane,Taipei,Taiwan,4872,384.841,4.766,2444,465.164,0,7316,850.0050000000001,4.766,2023
2022-10,Melbourne,Taipei,Taiwan,2678,287.009,11.133,1038,629.835,0,3716,916.844,11.133,2023
2022-10,Sydney,Taipei,Taiwan,2250,613.6780000000001,68.07900000000001,1087,828.5070000000001,0.077,3337,1442.185,68.156,2023
2022-11,Brisbane,Taipei,Taiwan,3605,267.358,4.507,4412,428.871,0,8017,696.229,4.507,2023
2022-11,Melbourne,Taipei,Taiwan,1432,306.882,9.276,1882,621.761,0,3314,928.643,9.276,2023
2022-11,Sydney,Taipei,Taiwan,1558,572.068,73.16,1939,695.925,0.054,3497,1267.993,73.214,2023
2022-12,Brisbane,Taipei,Taiwan,5385,261.442,4.697,8257,398.63199999999995,0,13642,660.074,4.697,2023
2022-12,Melbourne,Taipei,Taiwan,2525,217.531,7.946,5139,469.031,0,7664,686.5619999999999,7.946,2023
2022-12,Sydney,Taipei,Taiwan,3956,453.665,66.63499999999999,8720,729.531,0.072,12676,1183.196,66.707,2023
2023-01,Brisbane,Taipei,Taiwan,9665,258.701,2.622,7338,349.52700000000004,0,17003,608.2280000000001,2.622,2023
2023-01,Melbourne,Taipei,Taiwan,6172,200.277,4.482,4470,545.88,0,10642,746.1569999999999,4.482,2023
2023-01,Sydney,Taipei,Taiwan,9973,337.094,53.129,6980,630.224,1.2189999999999999,16953,967.3180000000001,54.348,2023
2023-02,Brisbane,Taipei,Taiwan,7979,204.424,3.45,5568,384.155,0,13547,588.579,3.45,2023
2023-02,Melbourne,Taipei,Taiwan,5465,144.089,4.719,2747,400.539,0,8212,544.6279999999999,4.719,2023
2023-02,Sydney,Taipei,Taiwan,9111,264.717,53.992999999999995,4234,335.04200000000003,0.077,13345,599.759,54.06999999999999,2023
2023-03,Brisbane,Taipei,Taiwan,6368,283.014,3.218,7036,451.95900000000006,0.027,13404,734.9730000000001,3.245,2023
2023-03,Melbourne,Taipei,Taiwan,4335,190.915,6.909,4027,474.773,0,8362,665.688,6.909,2023
2023-03,Sydney,Taipei,Taiwan,5865,343.839,64.475,6019,320.741,0.061,11884,664.5799999999999,64.536,2023
2023-04,Brisbane,Taipei,Taiwan,8207,308.552,2.91,7524,300.52700000000004,0,15731,609.079,2.91,2023
2023-04,Melbourne,Taipei,Taiwan,4279,148.115,10.883,4387,344.444,0,8666,492.559,10.883,2023
2023-04,Sydney,Taipei,Taiwan,5925,261.414,51.081,6049,255.785,0.079,11974,517.199,51.160000000000004,2023
2023-05,Brisbane,Taipei,Taiwan,5631,309.793,2.894,5911,336.673,0.227,11542,646.466,3.121,2023
2023-05,Melbourne,Taipei,Taiwan,3301,185.867,9.868,3628,315.342,0,6929,501.20899999999995,9.868,2023
2023-05,Sydney,Taipei,Taiwan,4269,203.435,26.677,4287,238.9,0.053,8556,442.33500000000004,26.73,2023
2023-06,Brisbane,Taipei,Taiwan,7300,248.351,3.016,8811,307.852,0,16111,556.203,3.016,2023
2023-06,Melbourne,Taipei,Taiwan,3812,157.822,9.237,5132,500.1,0,8944,657.922,9.237,2023
2023-06,Sydney,Taipei,Taiwan,4789,199.866,23.254,6021,216.705,0.169,10810,416.571,23.423000000000002,2023
2023-07,Brisbane,Taipei,Taiwan,9938,248.163,3.5,7964,245.869,0,17902,494.03200000000004,3.5,2024
2023-07,Melbourne,Taipei,Taiwan,4933,165.111,8.326,3482,525.993,0,8415,691.104,8.326,2024
2023-07,Sydney,Taipei,Taiwan,6418,202.046,21.085,5246,127.971,0.074,11664,330.017,21.159000000000002,2024
2023-08,Brisbane,Taipei,Taiwan,7574,250.773,3.323,8728,279.791,0,16302,530.564,3.323,2024
2023-08,Melbourne,Taipei,Taiwan,3706,108.686,9.276,4087,492.067,0,7793,600.753,9.276,2024
2023-08,Sydney,Taipei,Taiwan,4981,175.367,26.498,5707,82.251,0.409,10688,257.618,26.907,2024
2023-09,Brisbane,Taipei,Taiwan,7832,309.039,3.349,8485,257.935,0,16317,566.9739999999999,3.349,2024
2023-09,Melbourne,Taipei,Taiwan,4213,167.173,11.097999999999999,4817,518.412,0,9030,685.585,11.097999999999999,2024
2023-09,Sydney,Taipei,Taiwan,4729,202.6,26.36,5863,162.229,0.724,10592,364.829,27.084,2024
2023-10,Brisbane,Taipei,Taiwan,8377,261.081,2.918,7397,279.75300000000004,0,15774,540.8340000000001,2.918,2024
2023-10,Melbourne,Taipei,Taiwan,5039,170.706,12.975,3858,403.647,0,8897,574.353,12.975,2024
2023-10,Sydney,Taipei,Taiwan,6300,203.782,28.216,5287,112.237,0.016,11587,316.019,28.232,2024
2023-11,Brisbane,Taipei,Taiwan,6506,312.21500000000003,2.955,8956,288.18399999999997,0,15462,600.399,2.955,2024
2023-11,Melbourne,Taipei,Taiwan,3626,171.194,16.909,4341,415.21999999999997,0,7967,586.414,16.909,2024
2023-11,Sydney,Taipei,Taiwan,4511,254.615,32.924,5846,153.46,0.032,10357,408.07500000000005,32.955999999999996,2024
2023-12,Brisbane,Taipei,Taiwan,7186,211.852,2.822,9618,330.73199999999997,0,16804,542.584,2.822,2024
2023-12,Melbourne,Taipei,Taiwan,4067,108.19999999999999,18.777,5784,437.879,0,9851,546.0790000000001,18.777,2024
2023-12,Sydney,Taipei,Taiwan,6434,244.457,31.622,10200,274.18600000000004,0.059,16634,518.643,31.681,2024
2024-01,Brisbane,Taipei,Taiwan,9727,181.10500000000002,2.535,7124,223.32299999999998,0,16851,404.428,2.535,2024
2024-01,Melbourne,Taipei,Taiwan,6295,130.547,14.852,4672,518.932,0,10967,649.4789999999999,14.852,2024
2024-01,Sydney,Taipei,Taiwan,11954,221.804,25.747,7993,417.928,0.04,19947,639.732,25.787000000000003,2024
2024-02,Brisbane,Taipei,Taiwan,8740,151.677,2.875,7798,155.846,0,16538,307.523,2.875,2024
2024-02,Melbourne,Taipei,Taiwan,5723,162.395,12.478,4729,391.591,0,10452,553.986,12.478,2024
2024-02,Sydney,Taipei,Taiwan,6767,175.192,20.572,5953,183.778,0.042,12720,358.97,20.614,2024
2024-03,Brisbane,Taipei,Taiwan,6826,268.477,3.301,7482,271.251,0,14308,539.728,3.301,2024
2024-03,Melbourne,Taipei,Taiwan,3947,175.127,14.14,4787,315.288,0,8734,490.415,14.14,2024
2024-03,Sydney,Taipei,Taiwan,3911,177.001,32.577,4926,131.009,0,8837,308.01,32.577,2024
2024-04,Brisbane,Taipei,Taiwan,7391,292.26300000000003,2.667,6442,227.03699999999998,0,13833,519.3000000000001,2.667,2024
2024-04,Melbourne,Taipei,Taiwan,4326,161.284,15.49,3687,193.145,0,8013,354.429,15.49,2024
2024-04,Sydney,Taipei,Taiwan,4781,225.348,30.369,5389,119.963,0,10170,345.31100000000004,30.369,2024
2024-05,Brisbane,Taipei,Taiwan,5999,303.005,2.416,6850,258.499,0,12849,561.504,2.416,2024
2024-05,Melbourne,Taipei,Taiwan,3017,142.708,20.209000000000003,3278,210.09199999999998,0.02,6295,352.79999999999995,20.229000000000003,2024
2024-05,Sydney,Taipei,Taiwan,3973,263.893,26.87,4790,102.964,0,8763,366.85699999999997,26.87,2024
2024-06,Brisbane,Taipei,Taiwan,7660,336.661,2.7699999999999996,8748,267.632,0,16408,604.293,2.7699999999999996,2024
2024-06,Melbourne,Taipei,Taiwan,3797,134.156,17.978,4075,231.728,0,7872,365.884,17.978,2024
2024-06,Sydney,Taipei,Taiwan,4567,229.28,31.574,5769,113.313,0,10336,342.593,31.574,2024
2024-07,Brisbane,Taipei,Taiwan,9154,288.809,2.452,8053,256.127,0,17207,544.936,2.452,2025
2024-07,Melbourne,Taipei,Taiwan,5137,165.575,17.278,3999,315.497,0,9136,481.072,17.278,2025
2024-07,Sydney,Taipei,Taiwan,6710,222.353,31.763,5542,93.243,0,12252,315.596,31.763,2025
2024-08,Brisbane,Taipei,Taiwan,8340,390.998,3.0220000000000002,10142,190.602,0,18482,581.6,3.0220000000000002,2025
2024-08,Melbourne,Taipei,Taiwan,3443,178.454,17.779,4460,392.554,0,7903,571.008,17.779,2025
2024-08,Sydney,Taipei,Taiwan,5093,232.202,39.759,5939,144.911,0,11032,377.113,39.759,2025
2024-09,Brisbane,Taipei,Taiwan,7865,311.105,2.597,9033,174.696,0,16898,485.80100000000004,2.597,2025
2024-09,Melbourne,Taipei,Taiwan,3491,153.777,13.246,4474,383.574,0,7965,537.351,13.246,2025
2024-09,Sydney,Taipei,Taiwan,4809,219.514,29.348,5802,136.045,0,10611,355.55899999999997,29.348,2025
2024-10,Brisbane,Taipei,Taiwan,8096,319.15700000000004,1.702,7791,183.082,0,15887,502.23900000000003,1.702,2025
2024-10,Melbourne,Taipei,Taiwan,5169,172.881,8.422,3913,437.207,0,9082,610.088,8.422,2025
2024-10,Sydney,Taipei,Taiwan,5791,234.158,27.185,4741,99.293,0,10532,333.451,27.185,2025
2024-11,Brisbane,Taipei,Taiwan,5928,374.23900000000003,2.783,8434,155.31400000000002,0,14362,529.553,2.783,2025
2024-11,Melbourne,Taipei,Taiwan,3751,201.665,11.721,4635,404.851,0,8386,606.516,11.721,2025
2024-11,Sydney,Taipei,Taiwan,3794,243.886,26.199,4820,208.208,0,8614,452.094,26.199,2025
2024-12,Brisbane,Taipei,Taiwan,6560,264.924,1.8889999999999998,9327,183.346,0,15887,448.27,1.8889999999999998,2025
2024-12,Melbourne,Taipei,Taiwan,4183,136.031,17.701,5388,394.469,0,9571,530.5,17.701,2025
2024-12,Sydney,Taipei,Taiwan,4601,213.099,39.176,6837,190.86599999999999,0,11438,403.965,39.176,2025
2025-01,Brisbane,Taipei,Taiwan,9817,235.349,2.303,8097,141.325,0,17914,376.674,2.303,2025
2025-01,Melbourne,Taipei,Taiwan,5770,108.888,12.666,6185,461.026,0,11955,569.914,12.666,2025
2025-01,Sydney,Taipei,Taiwan,6875,152.022,35.127,5860,254.19299999999998,0.284,12735,406.215,35.411,2025
2025-02,Brisbane,Taipei,Taiwan,8444,144.809,1.928,7426,189.712,0,15870,334.52099999999996,1.928,2025
2025-02,Melbourne,Taipei,Taiwan,2746,44.032,3.557,3823,334.656,0,6569,378.688,3.557,2025
2025-02,Sydney,Taipei,Taiwan,5827,129.138,17.756,4206,159.073,0,10033,288.211,17.756,2025
2025-03,Brisbane,Taipei,Taiwan,6050,340.135,2.35,7696,202.811,0,13746,542.946,2.35,2025
2025-03,Melbourne,Taipei,Taiwan,4158,162.04,10.092,4370,210.612,0,8528,372.652,10.092,2025
2025-03,Sydney,Taipei,Taiwan,4145,200.607,27.504,4589,92.911,1.056,8734,293.51800000000003,28.560000000000002,2025
2025-04,Brisbane,Taipei,Taiwan,7674,285.634,1.675,8288,146.719,0,15962,432.353,1.675,2025
2025-04,Melbourne,Taipei,Taiwan,4706,161.561,12.04,4968,139.823,0,9674,301.384,12.04,2025
2025-04,Sydney,Taipei,Taiwan,4820,198.714,26.958,5922,72.341,0,10742,271.055,26.958,2025
2025-05,Brisbane,Taipei,Taiwan,7644,370.802,2.278,8045,361.64300000000003,0,15689,732.4449999999999,2.278,2025
2025-05,Melbourne,Taipei,Taiwan,3740,138.808,13.163,3844,142.732,0,7584,281.53999999999996,13.163,2025
2025-05,Sydney,Taipei,Taiwan,4444,190.882,32.821,4782,98.406,0,9226,289.288,32.821,2025
2025-06,Brisbane,Taipei,Taiwan,7608,312.935,2.314,8507,302.148,0,16115,615.083,2.314,2025
2025-06,Melbourne,Taipei,Taiwan,3740,167.729,12.733,4404,181.343,0,8144,349.072,12.733,2025
2025-06,Sydney,Taipei,Taiwan,4874,239.46599999999998,23.817,5880,57.694,0,10754,297.15999999999997,23.817,2025
2025-07,Brisbane,Taipei,Taiwan,11127,356.656,2.526,10497,285.429,0,21624,642.085,2.526,2026
2025-07,Melbourne,Taipei,Taiwan,5288,141.636,10.756,4710,182.456,0,9998,324.092,10.756,2026
2025-07,Sydney,Taipei,Taiwan,6405,167.282,26.662,5645,56.252,0,12050,223.53400000000002,26.662,2026
2025-08,Brisbane,Taipei,Taiwan,9690,384.142,2.161,11140,308.398,0,20830,692.54,2.161,2026
2025-08,Melbourne,Taipei,Taiwan,4624,187.038,11.903,5007,256.295,0,9631,443.333,11.903,2026
2025-08,Sydney,Taipei,Taiwan,6200,209.238,24.783,6379,58.661,0,12579,267.899,24.783,2026
2025-09,Brisbane,Taipei,Taiwan,6701,327.156,2.342,8661,319.29200000000003,0,15362,646.4480000000001,2.342,2026
2025-09,Melbourne,Taipei,Taiwan,3733,194.485,9.667,4868,287.299,0,8601,481.784,9.667,2026
2025-09,Sydney,Taipei,Taiwan,4867,211.734,21.519,6086,75.008,0,10953,286.742,21.519,2026
2025-10,Brisbane,Taipei,Taiwan,7978,318.986,2.601,8056,250.428,0,16034,569.414,2.601,2026
2025-10,Melbourne,Taipei,Taiwan,5116,176.376,12.738,5088,353.958,0,10204,530.3340000000001,12.738,2026
2025-10,Sydney,Taipei,Taiwan,6081,180.452,23.489,5912,91.977,0,11993,272.429,23.489,2026
2025-11,Brisbane,Taipei,Taiwan,6817,349.40700000000004,3.0490000000000004,8481,301.288,0,15298,650.695,3.0490000000000004,2026
2025-11,Melbourne,Taipei,Taiwan,4900,219.034,13.495,5760,450.839,0,10660,669.873,13.495,2026
2025-11,Sydney,Taipei,Taiwan,4815,244.865,23.532,5581,94.368,0,10396,339.233,23.532,2026
2025-12,Brisbane,Taipei,Taiwan,7284,273.942,1.9969999999999999,9817,331.788,0,17101,605.73,1.9969999999999999,2026
2025-12,Melbourne,Taipei,Taiwan,5477,188.614,13.9,7024,533.789,0,12501,722.403,13.9,2026
2025-12,Sydney,Taipei,Taiwan,5200,250.18200000000002,21.695,7228,135.711,0,12428,385.89300000000003,21.695,2026
2026-01,Brisbane,Taipei,Taiwan,10765,259.803,4.076,8491,288.103,0,19256,547.906,4.076,2026
2026-01,Melbourne,Taipei,Taiwan,7044,115.146,10.338000000000001,5670,464.379,0,12714,579.525,10.338000000000001,2026
2026-01,Sydney,Taipei,Taiwan,6792,203.16500000000002,19.691000000000003,5427,189.815,0,12219,392.98,19.691000000000003,2026
2026-02,Brisbane,Taipei,Taiwan,8652,237.075,1.728,8959,268.138,0,17611,505.21299999999997,1.728,2026
2026-02,Melbourne,Taipei,Taiwan,6839,86.679,7.893,6247,473.748,0,13086,560.427,7.893,2026
2026-02,Sydney,Taipei,Taiwan,6832,159.822,15.082,6197,121.875,0,13029,281.697,15.082,2026
2026-03,Brisbane,Taipei,Taiwan,7160,272.93,1.877,8847,286.221,0,16007,559.1510000000001,1.877,2026
2026-03,Melbourne,Taipei,Taiwan,5340,173.78,11.407,5951,362.332,0,11291,536.1120000000001,11.407,2026
2026-03,Sydney,Taipei,Taiwan,5005,186.072,16.901,5976,60.48,0,10981,246.552,16.901,2026
2026-04,Brisbane,Taipei,Taiwan,7018,225.77,1.964,7132,211.89800000000002,0,14150,437.66800000000006,1.964,2026
2026-04,Melbourne,Taipei,Taiwan,5032,129.885,10.569,4343,244.202,0,9375,374.087,10.569,2026
2026-04,Sydney,Taipei,Taiwan,6254,213.149,16.044,6115,77.282,2.383,12369,290.431,18.427,2026
2026-05,Brisbane,Taipei,Taiwan,6715,350.348,2.0829999999999997,7620,334.443,0,14335,684.791,2.0829999999999997,2026
2026-05,Melbourne,Taipei,Taiwan,4537,173.376,11.049,4927,374.01,0,9464,547.386,11.049,2026
2026-05,Sydney,Taipei,Taiwan,4960,186.333,15.318,5787,95.962,0,10747,282.295,15.318,2026
2026-06,Brisbane,Taipei,Taiwan,7475,402.827,2.46,9826,346.89300000000003,0,17301,749.72,2.46,2026
2026-06,Melbourne,Taipei,Taiwan,3781,162.16,10.48,4952,319.462,0,8733,481.62199999999996,10.48,2026
2026-06,Sydney,Taipei,Taiwan,5074,240.093,12.991,5903,185.327,0,10977,425.41999999999996,12.991,2026
