Month,Scheduled Operator,Country to/from,Passengers In,Freight In,Mail In,Passengers Out,Freight Out,Mail Out,Year
2009-01,China Airlines,Taiwan,9003,48.997,9.324,7596,25.802,0,2009
2009-01,Eva Air,Taiwan,4817,69.225,4.425,3363,165.277,2.252,2009
2009-02,China Airlines,Taiwan,8062,66.912,14.589,6179,29.223,0,2009
2009-02,Eva Air,Taiwan,2824,82.431,3.971,2445,32.486,1.023,2009
2009-03,China Airlines,Taiwan,7073,85.271,10.242,7303,40.245,0.409,2009
2009-03,Eva Air,Taiwan,2372,84.892,4.346,2199,30.718,1.334,2009
2009-04,China Airlines,Taiwan,10424,109.723,31.228,10730,34.619,0,2009
2009-04,Eva Air,Taiwan,2721,92.021,5.395,2560,26.762,1.051,2009
2009-05,China Airlines,Taiwan,8810,168.768,46.409,9717,46.315,0.454,2009
2009-05,Eva Air,Taiwan,2271,89.464,4.744,2330,31.309,1.039,2009
2009-06,China Airlines,Taiwan,7247,198.291,47.401,9321,55.048,0.241,2009
2009-06,Eva Air,Taiwan,1745,118.836,5.17,2482,37.719,0.798,2009
2009-07,China Airlines,Taiwan,9564,234.622,32.425,7422,44.984,0.38,2010
2009-07,Eva Air,Taiwan,2715,159.663,5.488,1749,29.924,1.068,2010
2009-08,China Airlines,Taiwan,7911,213.008,36.632,9012,58.832,0.109,2010
2009-08,Eva Air,Taiwan,2282,161.222,5.386,2915,37.048,1.2,2010
2009-09,China Airlines,Taiwan,6315,211.099,36.926,6802,33.697,0.118,2010
2009-09,Eva Air,Taiwan,1750,110.275,5.666,2048,48.608,1.203,2010
2009-10,China Airlines,Taiwan,8544,181.926,43.122,7482,54.406,0,2010
2009-10,Eva Air,Taiwan,2894,136.281,6.486,2383,48.103,1.137,2010
2009-11,China Airlines,Taiwan,6832,221.66,39.158,9935,29.445,0.349,2010
2009-11,Eva Air,Taiwan,2002,155.299,6.005,2760,39.099,1.125,2010
2009-11,Qantas Airways,Taiwan,..,..,..,..,0,0,2010
2009-12,China Airlines,Taiwan,9255,161.493,36.749,12888,27.404,0,2010
2009-12,Eva Air,Taiwan,2263,139.221,5.8,2897,178.907,1.303,2010
2010-01,China Airlines,Taiwan,12388,110.055,33.31,9455,216.892,0,2010
2010-01,Eva Air,Taiwan,2788,103.47,6.002,2062,175.739,0.712,2010
2010-02,China Airlines,Taiwan,10005,98.661,11.621,8257,79.301,0.785,2010
2010-02,Eva Air,Taiwan,2573,118.477,5.496,2479,19.866,0.341,2010
2010-03,China Airlines,Taiwan,6777,139.804,15.399,7159,68.617,1.133,2010
2010-03,Eva Air,Taiwan,2205,151.83,6.831,2257,27.201,0,2010
2010-04,China Airlines,Taiwan,6958,126.033,15.447,6259,95.972,0.494,2010
2010-04,Eva Air,Taiwan,2373,144.957,7.076,1849,49.035,0,2010
2010-05,China Airlines,Taiwan,4983,152.202,16.536,5529,135.344,0.691,2010
2010-05,Eva Air,Taiwan,1985,134.739,7.781,1794,59.768,0,2010
2010-06,China Airlines,Taiwan,5636,138.822,14.679,7853,102.166,0.696,2010
2010-06,Eva Air,Taiwan,1783,94.537,6.423,1795,30.541,0,2010
2010-07,China Airlines,Taiwan,9277,140.949,16.965,7726,81.332,3.172,2011
2010-07,Eva Air,Taiwan,2674,126.932,9.413,2061,56.599,0,2011
2010-08,China Airlines,Taiwan,7516,121.961,11.113,8038,58.712,0.344,2011
2010-08,Eva Air,Taiwan,1527,100.928,7.765,1757,25.472,0,2011
2010-09,China Airlines,Taiwan,7141,165.089,13.348,7476,66.823,0.828,2011
2010-09,Eva Air,Taiwan,1682,93.999,7.762,1724,40.26,0,2011
2010-10,China Airlines,Taiwan,8031,177.276,13.481,6299,77.63,0.322,2011
2010-10,Eva Air,Taiwan,1807,104.965,7.294,1535,32.184,0,2011
2010-11,China Airlines,Taiwan,6035,198.819,11.756,7721,112.983,0.299,2011
2010-11,Eva Air,Taiwan,1268,105.485,8.339,1792,26.669,0,2011
2010-12,China Airlines,Taiwan,7499,167.323,13.516,8838,132.96,0,2011
2010-12,Eva Air,Taiwan,1820,38.701,8.855,1962,43.337,0,2011
2010-12,Qantas Airways,Taiwan,..,..,..,..,188.404,0,2011
2011-01,China Airlines,Taiwan,9194,103.476,16.043,7985,111.563,0.401,2011
2011-01,Eva Air,Taiwan,1869,64.003,7.713,1650,28.594,0,2011
2011-01,United Parcel Service,Taiwan,..,..,..,..,0,0,2011
2011-02,China Airlines,Taiwan,7143,65.806,7.007,6430,113.747,0.49,2011
2011-02,Eva Air,Taiwan,1654,66.459,5.158,1150,13.202,0,2011
2011-02,United Parcel Service,Taiwan,..,..,..,..,1.682,0,2011
2011-03,China Airlines,Taiwan,4603,137.768,14.925,5133,147.408,0.57,2011
2011-03,Eva Air,Taiwan,1086,78.469,5.498,1065,75.486,0,2011
2011-03,Qantas Airways,Taiwan,..,..,..,..,100.038,0,2011
2011-03,United Parcel Service,Taiwan,..,..,..,..,8.788,0,2011
2011-04,China Airlines,Taiwan,5942,92.204,21.434,6561,108.627,0.204,2011
2011-04,Eva Air,Taiwan,1391,55.894,4.986,1388,16.102,0,2011
2011-04,Qantas Airways,Taiwan,..,..,..,..,110.067,0,2011
2011-04,United Parcel Service,Taiwan,..,..,..,..,1.278,0,2011
2011-05,China Airlines,Taiwan,4364,88.852,21.489,4801,97,0.371,2011
2011-05,Eva Air,Taiwan,1023,52.901,4.835,939,22.915,0,2011
2011-05,Qantas Airways,Taiwan,..,..,..,..,104.853,0,2011
2011-05,United Parcel Service,Taiwan,..,..,..,..,18.024,0,2011
2011-06,China Airlines,Taiwan,6221,134.537,19.281,7268,81.235,0.281,2011
2011-06,Eva Air,Taiwan,1556,66.054,5.443,1574,12.557,0,2011
2011-06,United Parcel Service,Taiwan,..,..,..,..,9.322,0,2011
2011-07,China Airlines,Taiwan,8204,130.007,22.011,8171,79.055,0.308,2012
2011-07,Eva Air,Taiwan,2134,103.93,6.587,1684,21.751,0,2012
2011-07,United Parcel Service,Taiwan,..,..,..,..,18.744,0,2012
2011-08,China Airlines,Taiwan,7089,181.751,15.924,8514,81.423,0.681,2012
2011-08,Eva Air,Taiwan,1701,78.468,7.356,1689,30.167,0,2012
2011-08,United Parcel Service,Taiwan,..,..,..,..,24.999,0,2012
2011-09,China Airlines,Taiwan,5968,142.51,17.803,6937,100.609,0.489,2012
2011-09,Eva Air,Taiwan,1965,76.596,7.814,2024,51.896,0,2012
2011-09,Qantas Airways,Taiwan,..,..,..,..,0,0,2012
2011-10,China Airlines,Taiwan,7341,114.63,32.701,6873,65.706,0.494,2012
2011-10,Eva Air,Taiwan,1868,86.499,7.033,1656,20.871,0,2012
2011-10,United Parcel Service,Taiwan,..,..,..,..,39.782,0,2012
2011-11,China Airlines,Taiwan,5056,153.723,35.222,6984,86.061,0.309,2012
2011-11,Eva Air,Taiwan,1441,100.514,9.122,1597,39.744,0,2012
2011-11,United Parcel Service,Taiwan,..,..,..,..,34,0,2012
2011-12,China Airlines,Taiwan,5142,143.016,33.939,9767,76.522,0.565,2012
2011-12,Eva Air,Taiwan,1479,75.187,7.042,2101,23.419,0,2012
2011-12,United Parcel Service,Taiwan,..,..,..,..,20.8,0,2012
2012-01,China Airlines,Taiwan,8925,109.29,20.499,8516,84.602,0.496,2012
2012-01,Eva Air,Taiwan,1846,63.26,6.531,1578,16.265,0,2012
2012-01,United Parcel Service,Taiwan,..,..,..,..,13.234,0,2012
2012-02,China Airlines,Taiwan,7544,92.444,23.835,5473,72.218,0.426,2012
2012-02,Eva Air,Taiwan,2004,73.521,9.105,1002,23.25,0,2012
2012-02,United Parcel Service,Taiwan,..,..,..,..,5.706,0,2012
2012-03,China Airlines,Taiwan,5115,169.774,28.982,6806,94.959,1.067,2012
2012-03,Eva Air,Taiwan,1366,103.742,9.561,1466,12.627,0,2012
2012-04,China Airlines,Taiwan,6137,144.647,28.218,7052,82.833,0.55,2012
2012-04,Eva Air,Taiwan,1368,68.982,7.41,1125,25.374,0,2012
2012-05,China Airlines,Taiwan,4206,274.447,63.875,5307,166.547,1.917,2012
2012-05,Eva Air,Taiwan,970,46.725,6.006,965,17.432,0,2012
2012-05,United Parcel Service,Taiwan,..,..,..,..,18.957,0,2012
2012-06,China Airlines,Taiwan,4505,238.067,65.66,6767,125.212,1.655,2012
2012-06,Eva Air,Taiwan,1597,69.819,9.017,1504,25.263,0,2012
2012-06,United Parcel Service,Taiwan,..,..,..,..,1.649,0,2012
2012-07,China Airlines,Taiwan,7402,162.375,63.166,6310,119.565,2.1,2013
2012-07,Eva Air,Taiwan,1876,61.388,10.412,1715,47.392,0,2013
2012-07,United Parcel Service,Taiwan,..,..,..,..,24.728,0,2013
2012-08,China Airlines,Taiwan,6013,202.148,65.821,7192,136.749,1.51,2013
2012-08,Eva Air,Taiwan,1343,76.274,10.018,1203,49.121,0,2013
2012-09,China Airlines,Taiwan,4834,174.753,46.912,6004,131.914,1.51,2013
2012-09,Eva Air,Taiwan,1336,72.445,10.298,1554,58.423,0,2013
2012-09,United Parcel Service,Taiwan,..,..,..,..,0.46,0,2013
2012-10,China Airlines,Taiwan,6291,200.084,50.674,5397,147.586,2.38,2013
2012-10,Eva Air,Taiwan,1480,77.131,9.651,1276,63.55,0,2013
2012-10,United Parcel Service,Taiwan,..,..,..,..,20.846,0,2013
2012-11,China Airlines,Taiwan,4292,166.409,64.648,5178,113.015,1.884,2013
2012-11,Eva Air,Taiwan,1491,101.464,10.876,1864,63.404,0,2013
2012-11,United Parcel Service,Taiwan,..,..,..,..,16.905,0,2013
2012-12,China Airlines,Taiwan,4640,126.267,75.958,7010,140.326,3.329,2013
2012-12,Eva Air,Taiwan,1708,70.496,9.051,2390,73.434,0,2013
2012-12,United Parcel Service,Taiwan,..,..,..,..,47.145,0,2013
2013-01,China Airlines,Taiwan,6690,101.936,63.37,5539,107.713,4.755,2013
2013-01,Eva Air,Taiwan,2385,100.345,7.221,1984,106.198,0,2013
2013-02,China Airlines,Taiwan,5406,95.49,39.571,4644,110.172,0.85,2013
2013-02,Eva Air,Taiwan,1712,63.371,5.87,1525,28.621,0,2013
2013-02,United Parcel Service,Taiwan,..,..,..,..,2.825,0,2013
2013-03,China Airlines,Taiwan,4185,123.057,77.684,4990,120.25,6.245,2013
2013-03,Eva Air,Taiwan,1459,82.989,7.814,1423,54.465,0,2013
2013-03,United Parcel Service,Taiwan,..,..,..,..,32.46,0,2013
2013-04,China Airlines,Taiwan,4307,159.831,50.379,4026,119.526,2.366,2013
2013-04,Eva Air,Taiwan,1511,58.908,7.228,1193,48.396,0,2013
2013-05,China Airlines,Taiwan,3634,139.04,71.417,4056,89.168,4.31,2013
2013-05,Eva Air,Taiwan,1449,82.708,10.424,1296,60.266,0,2013
2013-06,China Airlines,Taiwan,4502,114.53,45.17,6268,103.498,4.02,2013
2013-06,Eva Air,Taiwan,1536,63.495,8.393,1830,48.864,0,2013
2013-07,China Airlines,Taiwan,6549,113.017,59.188,5566,197.885,5.825,2014
2013-07,Eva Air,Taiwan,1972,74.282,10.351,1524,45.72,0,2014
2013-08,China Airlines,Taiwan,4823,143.426,68.38,5718,136.776,5.105,2014
2013-08,Eva Air,Taiwan,1683,85.127,11.115,2019,32.055,0,2014
2013-09,China Airlines,Taiwan,4977,88.196,45.83,5808,120.903,5.72,2014
2013-09,Eva Air,Taiwan,1678,68.878,8.791,1748,27.583,0,2014
2013-10,China Airlines,Taiwan,5646,150.748,52.249,5585,125.649,1.93,2014
2013-10,Eva Air,Taiwan,2055,83.943,8.615,1715,39.662,0,2014
2013-10,Polar Air Cargo,Taiwan,..,..,..,..,0.039,0,2014
2013-11,China Airlines,Taiwan,4051,184.589,53.319,6168,127.016,2.24,2014
2013-11,Eva Air,Taiwan,1407,90.092,9.818,1839,81.187,0,2014
2013-11,Polar Air Cargo,Taiwan,..,..,..,..,0.566,0,2014
2013-12,China Airlines,Taiwan,4394,196.26,40.716,8998,168.176,3.495,2014
2013-12,Eva Air,Taiwan,1783,109.577,8.323,2297,121.628,0,2014
2013-12,Polar Air Cargo,Taiwan,..,..,..,..,4.908,0,2014
2014-01,China Airlines,Taiwan,8618,129.974,36.189,7291,307.41,5.145,2014
2014-01,Eva Air,Taiwan,2240,61.528,8.182,2127,108.327,0,2014
2014-01,Polar Air Cargo,Taiwan,..,..,..,..,8.384,0,2014
2014-02,China Airlines,Taiwan,7102,103.88,34.978,6012,102.836,5.205,2014
2014-02,Eva Air,Taiwan,1792,46.641,5.472,1259,71.423,0,2014
2014-02,Polar Air Cargo,Taiwan,..,..,..,..,15.072,0,2014
2014-02,Qantas Airways,Taiwan,..,..,..,..,115,0,2014
2014-03,China Airlines,Taiwan,4943,155.691,39.258,5731,128.469,3.73,2014
2014-03,Eva Air,Taiwan,1549,68.298,5.796,1746,48.038,0,2014
2014-03,Polar Air Cargo,Taiwan,..,..,..,..,4.524,0,2014
2014-04,China Airlines,Taiwan,5023,122.266,34.524,5335,85.6,3.975,2014
2014-04,Eva Air,Taiwan,1724,101.812,7.698,1744,39.943,0,2014
2014-04,United Parcel Service,Taiwan,..,..,..,..,16.104,0,2014
2014-05,China Airlines,Taiwan,4782,144.906,56.966,5450,106.412,5.395,2014
2014-05,Eva Air,Taiwan,1841,95.235,6.508,1576,38.476,0,2014
2014-05,United Parcel Service,Taiwan,..,..,..,..,7.41,0,2014
2014-06,China Airlines,Taiwan,5029,148.826,42.897,6383,106.659,3.266,2014
2014-06,Eva Air,Taiwan,1574,93.698,5.316,1803,40.205,0,2014
2014-06,United Parcel Service,Taiwan,..,..,..,..,14.531,0,2014
2014-07,China Airlines,Taiwan,6421,134.56,47.709,5719,101.276,5.517,2015
2014-07,Eva Air,Taiwan,1926,107.975,6.883,1606,33.004,0,2015
2014-07,United Parcel Service,Taiwan,..,..,..,..,2.8,0,2015
2014-08,China Airlines,Taiwan,5861,147.208,47.29,6506,148.345,4.38,2015
2014-08,Eva Air,Taiwan,1780,86.332,7.127,1901,28.731,0,2015
2014-09,China Airlines,Taiwan,5091,149.711,40.439,6047,168.064,4.642,2015
2014-09,Eva Air,Taiwan,2167,102.847,5.832,1927,24.297,0,2015
2014-10,China Airlines,Taiwan,5104,145.2,40.833,4754,215.446,4.832,2015
2014-10,Eva Air,Taiwan,2190,102.121,4.987,2164,36.325,0,2015
2014-11,China Airlines,Taiwan,4412,177.342,33.209,5373,183.926,3.722,2015
2014-11,Eva Air,Taiwan,1931,93.752,3.996,2163,69.158,0,2015
2014-12,China Airlines,Taiwan,6618,264.522,36.649,9800,264.091,2.611,2015
2014-12,Eva Air,Taiwan,1891,119.789,3.908,2704,132.11,0,2015
2015-01,China Airlines,Taiwan,9557,133.31,29.715,8098,203.71,4.246,2015
2015-01,Eva Air,Taiwan,3077,97.292,3.012,2035,148.921,0,2015
2015-01,Polar Air Cargo,Taiwan,..,..,..,..,6.749,0,2015
2015-02,China Airlines,Taiwan,7979,110.527,20.656,7534,127.972,4.322,2015
2015-02,Eva Air,Taiwan,1703,80.358,3.269,1600,37.08,0,2015
2015-02,Polar Air Cargo,Taiwan,..,..,..,..,5.794,0,2015
2015-03,China Airlines,Taiwan,6096,148.732,22.768,6610,136.42,3.324,2015
2015-03,Eva Air,Taiwan,1702,63.405,3.371,1639,43.672,0,2015
2015-03,Polar Air Cargo,Taiwan,..,..,..,..,14.848,0,2015
2015-04,China Airlines,Taiwan,5477,129.089,24.021,5292,147.221,3.149,2015
2015-04,Eva Air,Taiwan,1912,100.237,3.681,1781,58.67,0,2015
2015-05,China Airlines,Taiwan,5268,145.848,22.956,6003,161.552,7.047,2015
2015-05,Eva Air,Taiwan,1966,99.411,3.687,1792,49.807,0,2015
2015-05,United Parcel Service,Taiwan,..,..,..,..,0.278,0,2015
2015-06,China Airlines,Taiwan,5738,171.019,25.593,6603,158.159,3.241,2015
2015-06,Eva Air,Taiwan,1848,79.913,2.806,1885,41.359,0,2015
2015-07,China Airlines,Taiwan,6833,150.833,28.002,6035,149.9,4.002,2016
2015-07,Eva Air,Taiwan,2116,84.181,3.016,1766,63.66,0,2016
2015-08,China Airlines,Taiwan,6527,140.998,32.746,7154,112.837,2.84,2016
2015-08,Eva Air,Taiwan,1508,86.204,2.483,2110,67.891,0,2016
2015-09,China Airlines,Taiwan,6002,148.526,13.023,7053,163.393,2.445,2016
2015-09,Eva Air,Taiwan,1954,82.959,2.565,2121,63.695,0,2016
2015-10,China Airlines,Taiwan,6726,188.38,16.316,6991,212.662,3.173,2016
2015-10,Eva Air,Taiwan,2039,80.465,3.551,2048,35.357,0,2016
2015-11,China Airlines,Taiwan,7475,301.879,43.001,8963,331.207,2.915,2016
2015-11,Eva Air,Taiwan,1644,79.046,2.722,1865,49.162,0,2016
2015-11,Qantas Airways,Taiwan,..,..,..,..,110.01,0,2016
2015-12,China Airlines,Taiwan,8310,307.584,47.504,12959,393.776,3.721,2016
2015-12,Eva Air,Taiwan,2296,86.049,2.307,3005,168.584,0,2016
2016-01,China Airlines,Taiwan,12176,197.483,50.383,11172,262.152,4.26,2016
2016-01,Eva Air,Taiwan,3038,95.793,2.474,2631,165.697,0,2016
2016-02,China Airlines,Taiwan,10669,178.828,40.97,9320,224.28,4.31,2016
2016-02,Eva Air,Taiwan,1814,66.978,2.03,1661,26.641,0,2016
2016-03,China Airlines,Taiwan,10026,278.395,54.209,10682,284.174,3.701,2016
2016-03,Eva Air,Taiwan,1794,84.879,1.974,1878,45.026,0,2016
2016-04,China Airlines,Taiwan,7732,164.041,44.085,7624,191.219,3.796,2016
2016-04,Eva Air,Taiwan,1927,57.821,2.098,1951,48.519,0,2016
2016-05,China Airlines,Taiwan,7194,151.404,49.502,7581,229.651,3.625,2016
2016-05,Eva Air,Taiwan,1634,49.984,2.102,1682,47.944,0,2016
2016-06,China Airlines,Taiwan,7887,121.053,52.418,9316,179.253,3.062,2016
2016-06,Eva Air,Taiwan,1932,72.336,2.301,2000,39.604,0,2016
2016-07,China Airlines,Taiwan,11322,136.91,38.673,9535,115.59,3.417,2017
2016-07,Eva Air,Taiwan,2068,55.264,2.381,1835,60.196,0,2017
2016-08,China Airlines,Taiwan,10076,135.247,42.383,11065,189.827,3.157,2017
2016-08,Eva Air,Taiwan,1801,67.396,2.399,2021,51.382,0,2017
2016-09,China Airlines,Taiwan,9762,131.789,30.579,11136,182.343,2.967,2017
2016-09,Eva Air,Taiwan,1597,64.963,1.706,1753,37.147,0,2017
2016-10,China Airlines,Taiwan,9434,123.613,34.23,9806,238.057,2.934,2017
2016-10,Eva Air,Taiwan,3328,163.007,2.389,2951,30.752,0,2017
2016-10,Qantas Airways,Taiwan,..,..,..,..,108.8,0,2017
2016-11,China Airlines,Taiwan,8902,184.582,44.04,10350,254.899,3.441,2017
2016-11,Eva Air,Taiwan,3585,196.011,2.03,4085,229.7,0,2017
2016-11,Polar Air Cargo,Taiwan,..,..,..,..,22.856,0,2017
2016-11,Qantas Airways,Taiwan,..,..,..,..,203.675,0,2017
2016-12,China Airlines,Taiwan,9130,169.598,35.932,11270,243.253,1.172,2017
2016-12,Eva Air,Taiwan,3893,189.186,1.794,4939,271.703,0,2017
2016-12,Polar Air Cargo,Taiwan,..,..,..,..,22.582,0,2017
2016-12,Qantas Airways,Taiwan,..,..,..,..,93.47,0,2017
2017-01,China Airlines,Taiwan,11643,149.951,39.424,10803,226.506,1.552,2017
2017-01,Eva Air,Taiwan,5024,140.397,1.701,4086,233.196,0,2017
2017-01,Polar Air Cargo,Taiwan,..,..,..,..,7.206,0,2017
2017-01,Qantas Airways,Taiwan,..,..,..,..,212.465,0,2017
2017-02,China Airlines,Taiwan,11107,125.967,35.025,8916,363.257,2.255,2017
2017-02,Eva Air,Taiwan,4334,137.183,1.136,3735,46.047,0,2017
2017-02,Polar Air Cargo,Taiwan,..,..,..,..,15.47,0,2017
2017-02,Qantas Airways,Taiwan,..,..,..,..,106.005,0,2017
2017-03,China Airlines,Taiwan,8436,173.187,49.23,10266,323.011,2.499,2017
2017-03,Eva Air,Taiwan,3756,155.902,1.917,4067,84.954,0,2017
2017-03,Polar Air Cargo,Taiwan,..,..,..,..,7.344,0,2017
2017-03,Qantas Airways,Taiwan,..,..,..,..,91.77,0,2017
2017-04,China Airlines,Taiwan,9019,143.066,33.84,9321,213.213,1.684,2017
2017-04,Eva Air,Taiwan,4401,193.95,2.282,4239,127.398,0,2017
2017-04,Qantas Airways,Taiwan,..,..,..,..,85.825,0,2017
2017-05,China Airlines,Taiwan,8224,112.359,46.278,8343,216.059,4.47,2017
2017-05,Eva Air,Taiwan,3742,173.461,1.95,3548,126.976,0,2017
2017-05,Qantas Airways,Taiwan,..,..,..,..,109.465,0,2017
2017-06,China Airlines,Taiwan,8290,94.935,20.022,9539,105.267,2.395,2017
2017-06,Eva Air,Taiwan,4262,192.786,1.928,4774,98.873,0,2017
2017-07,China Airlines,Taiwan,11159,146.084,13.684,9457,176.814,2.928,2018
2017-07,Eva Air,Taiwan,4751,210.677,2.306,3993,46.898,0,2018
2017-08,China Airlines,Taiwan,9483,134.994,15.352,10441,193.609,2.617,2018
2017-08,Eva Air,Taiwan,4809,229.736,2.292,4974,39.158,0,2018
2017-09,China Airlines,Taiwan,8410,150.878,25.306,9642,242.79,4.564,2018
2017-09,Eva Air,Taiwan,3801,181.705,2.168,4039,95.489,0,2018
2017-09,Qantas Airways,Taiwan,..,..,..,..,91.656,0,2018
2017-10,China Airlines,Taiwan,9552,130.53,35.344,9710,259.572,3.94,2018
2017-10,Eva Air,Taiwan,3911,164.742,2.377,3771,33.125,0,2018
2017-10,Qantas Airways,Taiwan,..,..,..,..,100.61,0,2018
2017-11,China Airlines,Taiwan,9142,247.304,31.092,10667,256.325,5.216,2018
2017-11,Eva Air,Taiwan,3247,161.491,2.319,3566,102.659,0,2018
2017-11,Polar Air Cargo,Taiwan,..,..,..,..,15.47,0,2018
2017-11,Qantas Airways,Taiwan,..,..,..,..,101.745,0,2018
2017-12,China Airlines,Taiwan,16297,334.78,51.393,23990,719.484,1.808,2018
2017-12,Eva Air,Taiwan,4199,166.877,1.805,5100,265.452,0,2018
2017-12,Polar Air Cargo,Taiwan,..,..,..,..,12.425,0,2018
2017-12,Qantas Airways,Taiwan,..,..,..,..,109.07,0,2018
2018-01,China Airlines,Taiwan,22821,231.968,26.438,17462,843.743,2.129,2018
2018-01,Eva Air,Taiwan,5131,117.341,2.079,3977,171.932,0,2018
2018-01,Polar Air Cargo,Taiwan,..,..,..,..,27.271,0,2018
2018-01,Qantas Airways,Taiwan,..,..,..,..,100.735,0,2018
2018-02,China Airlines,Taiwan,16825,324.778,33.082,17804,343.589,3.088,2018
2018-02,Eva Air,Taiwan,3658,130.819,1.764,3470,111.615,0,2018
2018-02,Polar Air Cargo,Taiwan,..,..,..,..,13.673,0,2018
2018-02,Qantas Airways,Taiwan,..,..,..,..,96.455,0,2018
2018-02,United Parcel Service,Taiwan,..,..,..,..,0.555,0,2018
2018-03,China Airlines,Taiwan,13394,411.898,48.483,17202,754.919,2.223,2018
2018-03,Eva Air,Taiwan,3840,125.764,2.854,3947,98.344,0,2018
2018-03,Polar Air Cargo,Taiwan,..,..,..,..,30.887,0,2018
2018-03,Qantas Airways,Taiwan,..,..,..,..,109.35,0,2018
2018-04,China Airlines,Taiwan,15324,411.726,37.636,16530,728.18,3.655,2018
2018-04,Eva Air,Taiwan,3374,141.313,3.062,3101,28.053,0,2018
2018-05,China Airlines,Taiwan,11523,476.788,48.659,13319,922.849,3.83,2018
2018-05,Eva Air,Taiwan,2643,131.819,1.388,2421,60.815,0,2018
2018-06,China Airlines,Taiwan,13267,627.182,63.435,19782,977.288,3.777,2018
2018-06,Eva Air,Taiwan,3682,182.901,0.771,3807,66.404,0,2018
2018-07,China Airlines,Taiwan,21631,544.119,60.671,19097,603.327,4.355,2019
2018-07,Eva Air,Taiwan,5049,215.878,0.667,4373,124.882,0,2019
2018-08,China Airlines,Taiwan,14566,503.457,47.442,18423,804.856,3.494,2019
2018-08,Eva Air,Taiwan,4249,192.78,1.107,4746,86.036,0,2019
2018-09,China Airlines,Taiwan,14369,587.585,38.793,19193,997.643,3.651,2019
2018-09,Eva Air,Taiwan,3549,189.358,1.088,4113,88.681,0,2019
2018-09,Qantas Airways,Taiwan,..,..,..,..,100,0,2019
2018-10,China Airlines,Taiwan,17620,552.825,38.169,15143,919.659,1.754,2019
2018-10,Eva Air,Taiwan,3749,159.575,1.079,3420,82.034,0,2019
2018-10,Polar Air Cargo,Taiwan,..,..,..,..,3.755,0,2019
2018-10,Qantas Airways,Taiwan,..,..,..,..,87.24,0,2019
2018-11,China Airlines,Taiwan,11964,440.158,39.441,15911,978.336,2.052,2019
2018-11,Eva Air,Taiwan,3294,213.212,1.69,3819,87.369,0,2019
2018-11,Polar Air Cargo,Taiwan,..,..,..,..,11.805,0,2019
2018-11,Qantas Airways,Taiwan,..,..,..,..,105.767,0,2019
2018-12,China Airlines,Taiwan,17454,485.507,41.182,26649,1179.346,1.264,2019
2018-12,Eva Air,Taiwan,4624,221.546,1.631,6395,112.239,0,2019
2018-12,Polar Air Cargo,Taiwan,..,..,..,..,12.368,0,2019
2018-12,Qantas Airways,Taiwan,..,..,..,..,105.595,0,2019
2019-01,China Airlines,Taiwan,25827,340.679,31.809,20116,1316.234,1.442,2019
2019-01,Eva Air,Taiwan,6514,116.497,1.538,5596,170.687,0,2019
2019-01,Polar Air Cargo,Taiwan,..,..,..,..,19.982,0,2019
2019-02,China Airlines,Taiwan,17497,214.919,20.885,14104,471.122,0.937,2019
2019-02,Eva Air,Taiwan,4605,155.94,1.364,4181,38.637,0,2019
2019-02,Polar Air Cargo,Taiwan,..,..,..,..,2.58,0,2019
2019-02,Qantas Airways,Taiwan,..,..,..,..,84.925,0,2019
2019-03,China Airlines,Taiwan,12770,378.27,44.021,15118,984.548,2.013,2019
2019-03,Eva Air,Taiwan,4329,188.338,1.315,4600,72.636,0,2019
2019-03,Polar Air Cargo,Taiwan,..,..,..,..,27.536,0,2019
2019-03,Qantas Airways,Taiwan,..,..,..,..,108.26,0,2019
2019-04,China Airlines,Taiwan,16561,347.472,41.408,19048,848.179,1.567,2019
2019-04,Eva Air,Taiwan,4097,208.991,1.515,4317,39.128,0,2019
2019-05,China Airlines,Taiwan,12914,351.265,41.117,14138,716.84,1.81,2019
2019-05,Eva Air,Taiwan,4676,232.923,1.503,4312,80.808,0,2019
2019-06,China Airlines,Taiwan,16566,496.277,38.904,19978,673.648,1.921,2019
2019-06,Eva Air,Taiwan,2840,113.924,1.156,3191,77.487,0,2019
2019-06,Qantas Airways,Taiwan,..,..,..,..,82.615,0,2019
2019-07,China Airlines,Taiwan,22687,502.826,51.917,19497,642.918,2.008,2020
2019-07,Eva Air,Taiwan,2337,76.242,0.521,1137,81.951,0,2020
2019-08,China Airlines,Taiwan,18922,471.226,68.458,20497,887.475,1.801,2020
2019-08,Eva Air,Taiwan,5771,167.754,1.623,5903,151.563,0,2020
2019-09,China Airlines,Taiwan,15949,550.063,72.137,19932,841.694,1.117,2020
2019-09,Eva Air,Taiwan,4448,198.74,1.886,4620,87.152,0,2020
2019-10,China Airlines,Taiwan,18235,506.802,66.416,17417,873.518,1.56,2020
2019-10,Eva Air,Taiwan,5372,253.425,1.575,4514,74.091,0,2020
2019-10,Polar Air Cargo,Taiwan,..,..,..,..,12.33,0,2020
2019-11,China Airlines,Taiwan,14836,472.928,58.481,17974,904.496,2.589,2020
2019-11,Eva Air,Taiwan,4054,260.517,1.69,4562,164.528,0,2020
2019-11,Polar Air Cargo,Taiwan,..,..,..,..,24.78,0,2020
2019-12,China Airlines,Taiwan,17172,465.97,114.625,26692,1413.438,1.18,2020
2019-12,Eva Air,Taiwan,7407,297.455,2.368,9981,236.756,0,2020
2019-12,Polar Air Cargo,Taiwan,..,..,..,..,61.771,0,2020
2020-01,China Airlines,Taiwan,25259,388.746,101.612,21605,951.263,1.104,2020
2020-01,Eva Air,Taiwan,10034,252.734,2.265,7596,187.782,0,2020
2020-01,Polar Air Cargo,Taiwan,..,..,..,..,40.607,0,2020
2020-02,China Airlines,Taiwan,17114,302.335,59.97,14650,1047.087,2.424,2020
2020-02,Eva Air,Taiwan,5029,162.392,2.553,4172,211.604,0,2020
2020-02,Polar Air Cargo,Taiwan,..,..,..,..,101.7,0,2020
2020-03,China Airlines,Taiwan,4957,498.406,71.759,10182,1014.311,2.819,2020
2020-03,Eva Air,Taiwan,786,186.126,1.434,1141,181.407,0,2020
2020-03,Polar Air Cargo,Taiwan,..,..,..,..,70.507,0,2020
2020-03,Qantas Airways,Taiwan,..,..,..,..,124.645,0,2020
2020-04,China Airlines,Taiwan,146,446.675,61.36,1538,500.646,1.428,2020
2020-04,Eva Air,Taiwan,..,257.99,0,..,352.567,0,2020
2020-04,Qantas Airways,Taiwan,..,..,..,..,104.275,0,2020
2020-05,China Airlines,Taiwan,104,587.649,33.162,1603,855.593,0.468,2020
2020-05,Eva Air,Taiwan,..,308.511,0,..,422.268,0,2020
2020-06,China Airlines,Taiwan,327,608.712,7.483,1052,710.391,0.273,2020
2020-06,Eva Air,Taiwan,43,367.47,0,94,352.101,0,2020
2020-07,China Airlines,Taiwan,151,711.113,43.737,744,972.7,0.221,2021
2020-07,Eva Air,Taiwan,89,488.927,0,198,356.506,0,2021
2020-08,China Airlines,Taiwan,107,940.925,79.447,907,1284.968,0.676,2021
2020-08,Eva Air,Taiwan,..,669.988,0,81,545.863,0,2021
2020-09,China Airlines,Taiwan,142,889.525,61.065,783,1480.801,0.768,2021
2020-09,Eva Air,Taiwan,..,518.673,0,128,645.056,0,2021
2020-10,China Airlines,Taiwan,161,1055.133,59.828,724,1827.025,2.176,2021
2020-10,Eva Air,Taiwan,43,614.539,0,143,647.881,0,2021
2020-11,China Airlines,Taiwan,261,929.643,70.385,613,1967.857,2.067,2021
2020-11,Eva Air,Taiwan,65,562.339,0,147,697.456,0,2021
2020-12,China Airlines,Taiwan,278,966.459,72.487,489,1981.529,1.776,2021
2020-12,Eva Air,Taiwan,37,474.114,0,106,739.886,0,2021
2021-01,China Airlines,Taiwan,208,667.609,65.586,660,1712.538,1.864,2021
2021-01,Eva Air,Taiwan,..,312.77,0,..,473.918,0,2021
2021-02,China Airlines,Taiwan,128,633.227,39.683,257,723.603,1.927,2021
2021-02,Eva Air,Taiwan,..,248.869,0,..,357.904,0,2021
2021-03,China Airlines,Taiwan,221,818.941,68.129,289,672.49,1.5,2021
2021-03,Eva Air,Taiwan,..,417.134,0,..,489.692,0,2021
2021-04,China Airlines,Taiwan,65,833.984,88.378,242,956.445,1.691,2021
2021-04,Eva Air,Taiwan,34,604.942,0,61,409.286,0,2021
2021-05,China Airlines,Taiwan,..,725.437,79.75,..,922.968,1.29,2021
2021-05,Eva Air,Taiwan,68,561.782,0,102,481.396,0,2021
2021-06,China Airlines,Taiwan,..,885.572,91.118,..,929.031,2.328,2021
2021-06,Eva Air,Taiwan,59,559.298,0,45,405.681,0,2021
2021-07,China Airlines,Taiwan,183,910.858,85.787,104,1011.634,1.353,2022
2021-07,Eva Air,Taiwan,57,588.178,0,47,429.427,0,2022
2021-08,China Airlines,Taiwan,111,1147.055,114.912,90,1279.819,1.948,2022
2021-08,Eva Air,Taiwan,43,641.584,6.668,51,441.389,0,2022
2021-09,China Airlines,Taiwan,118,1170.446,81.157,99,1813.611,0.518,2022
2021-09,Eva Air,Taiwan,14,703.003,9.141,14,406.904,0,2022
2021-10,China Airlines,Taiwan,29,1124.589,75.886,63,2120.877,0.58,2022
2021-10,Eva Air,Taiwan,..,747.769,7.666,..,528.914,0,2022
2021-11,China Airlines,Taiwan,96,1155.618,74.44,170,2092.245,0.628,2022
2021-11,Eva Air,Taiwan,..,771.694,8.327,..,639.234,0,2022
2021-12,China Airlines,Taiwan,245,1042.095,64.305,391,2167.296,0.304,2022
2021-12,Eva Air,Taiwan,43,620.338,8.352,160,638.931,0,2022
2022-01,China Airlines,Taiwan,499,1125.705,66.642,343,2405.844,0.08,2022
2022-01,Eva Air,Taiwan,43,756.203,8.029,64,624.707,0,2022
2022-02,China Airlines,Taiwan,883,1029.137,282.127,458,1192.763,0.098,2022
2022-02,Eva Air,Taiwan,73,836.254,8.023,76,538.072,0,2022
2022-03,China Airlines,Taiwan,833,1043.933,86.925,549,1740.354,0.085,2022
2022-03,Eva Air,Taiwan,66,687.252,10.604,47,734.854,0,2022
2022-04,China Airlines,Taiwan,701,943.319,93.098,589,1027.678,0.086,2022
2022-04,Eva Air,Taiwan,212,527.205,8.619,167,555.353,0,2022
2022-05,China Airlines,Taiwan,810,775.854,89.097,543,1223.193,0.104,2022
2022-05,Eva Air,Taiwan,169,514.11,7.707,120,501.973,0,2022
2022-06,China Airlines,Taiwan,1301,863.16,90.111,984,1026.204,0.121,2022
2022-06,Eva Air,Taiwan,404,414.938,7.9,364,509.579,0,2022
2022-07,China Airlines,Taiwan,1796,840.792,91.724,1272,1234.103,0.091,2023
2022-07,Eva Air,Taiwan,895,352.146,5.895,588,469.277,0,2023
2022-08,China Airlines,Taiwan,1826,935.957,92.813,2009,1353.579,4.589,2023
2022-08,Eva Air,Taiwan,788,359.614,8.859,866,434.417,0,2023
2022-09,China Airlines,Taiwan,2597,1110.445,79.669,2851,1640.338,0.084,2023
2022-09,Eva Air,Taiwan,1669,365.977,8.675,984,407.777,0,2023
2022-10,China Airlines,Taiwan,7285,935.481,79.212,3516,1564.362,0.077,2023
2022-10,Eva Air,Taiwan,2515,350.047,4.766,1053,359.144,0,2023
2022-11,China Airlines,Taiwan,4734,882.45,82.436,5956,1404.996,0.054,2023
2022-11,Eva Air,Taiwan,1861,263.858,4.507,2277,341.561,0,2023
2022-12,China Airlines,Taiwan,8210,698.308,74.581,16576,1267.517,0.072,2023
2022-12,Eva Air,Taiwan,3656,234.33,4.697,5540,329.677,0,2023
2023-01,China Airlines,Taiwan,20089,586.163,57.611,14749,1249.632,1.219,2023
2023-01,Eva Air,Taiwan,5721,209.909,2.622,4039,275.999,0,2023
2023-02,China Airlines,Taiwan,17873,452.258,58.712,9747,817.413,0.077,2023
2023-02,Eva Air,Taiwan,4682,160.972,3.45,2802,302.323,0,2023
2023-03,China Airlines,Taiwan,13763,588.203,71.384,13840,929.57,0.088,2023
2023-03,Eva Air,Taiwan,2805,229.565,3.218,3242,317.903,0,2023
2023-04,China Airlines,Taiwan,14264,482.468,62.472,14461,697.504,0.079,2023
2023-04,Eva Air,Taiwan,4147,235.613,2.402,3499,203.252,0,2023
2023-05,China Airlines,Taiwan,11127,450.034,37.319,11760,688.02,0.28,2023
2023-05,Eva Air,Taiwan,2074,249.061,2.12,2066,202.895,0,2023
2023-06,China Airlines,Taiwan,12973,414.771,32.718,16322,870.155,0.169,2023
2023-06,Eva Air,Taiwan,2928,191.268,2.789,3642,154.502,0,2023
2023-07,China Airlines,Taiwan,16770,431.816,30.556,13033,743.882,0.074,2024
2023-07,Eva Air,Taiwan,4519,183.504,2.355,3659,155.951,0,2024
2023-08,China Airlines,Taiwan,13102,353.998,36.725,14548,702.649,0.409,2024
2023-08,Eva Air,Taiwan,3159,180.828,2.372,3974,151.46,0,2024
2023-09,China Airlines,Taiwan,12931,470.062,38.47,15122,796.065,0.724,2024
2023-09,Eva Air,Taiwan,3843,208.75,2.337,4043,142.511,0,2024
2023-10,China Airlines,Taiwan,15575,435.449,42.178,12916,632.153,0.016,2024
2023-10,Eva Air,Taiwan,4141,200.12,1.931,3626,163.484,0,2024
2023-11,China Airlines,Taiwan,11547,544.297,50.759,14974,723.945,0.032,2024
2023-11,Eva Air,Taiwan,3096,193.727,2.029,4169,132.919,0,2024
2023-12,China Airlines,Taiwan,14730,424.966,52.16,21304,928.19,0.059,2024
2023-12,Eva Air,Taiwan,2957,139.543,1.061,4298,114.607,0,2024
2024-01,China Airlines,Taiwan,23721,399.568,42.214,16642,1023.594,0.04,2024
2024-01,Eva Air,Taiwan,4255,133.888,0.92,3147,136.589,0,2024
2024-02,China Airlines,Taiwan,17169,400.106,34.832,15013,646.864,0.042,2024
2024-02,Eva Air,Taiwan,4061,89.158,1.093,3467,84.351,0,2024
2024-03,China Airlines,Taiwan,11815,433.963,48.949,14186,590.06,0,2024
2024-03,Eva Air,Taiwan,2869,186.642,1.069,3009,127.488,0,2024
2024-04,China Airlines,Taiwan,12698,454.274,47.435,12291,440.429,0,2024
2024-04,Eva Air,Taiwan,3800,224.621,1.091,3227,99.716,0,2024
2024-05,China Airlines,Taiwan,10023,498.044,48.694,11622,466.745,0.02,2024
2024-05,Eva Air,Taiwan,2966,211.562,0.801,3296,104.81,0,2024
2024-06,China Airlines,Taiwan,12587,465.849,51.186,14390,496.496,0,2024
2024-06,Eva Air,Taiwan,3437,234.248,1.136,4202,116.177,0,2024
2024-07,China Airlines,Taiwan,16796,488.365,50.807,13856,536.144,0,2025
2024-07,Eva Air,Taiwan,4205,188.372,0.686,3738,128.723,0,2025
2024-08,China Airlines,Taiwan,13180,574.149,59.631,15946,635.945,0,2025
2024-08,Eva Air,Taiwan,3696,227.505,0.929,4595,92.122,0,2025
2024-09,China Airlines,Taiwan,12555,473.403,44.265,15011,602.933,0,2025
2024-09,Eva Air,Taiwan,3610,210.993,0.926,4298,91.382,0,2025
2024-10,China Airlines,Taiwan,15393,521.723,36.631,12726,655.355,0,2025
2024-10,Eva Air,Taiwan,3663,204.473,0.678,3719,64.227,0,2025
2024-11,China Airlines,Taiwan,10752,599.801,39.678,13837,701.245,0,2025
2024-11,Eva Air,Taiwan,2721,219.989,1.025,4052,67.128,0,2025
2024-12,China Airlines,Taiwan,12531,447.898,58.061,17228,693.453,0,2025
2024-12,Eva Air,Taiwan,2813,166.156,0.705,4324,75.228,0,2025
2025-01,China Airlines,Taiwan,18151,331.543,49.369,16361,796.433,0.284,2025
2025-01,Eva Air,Taiwan,4311,164.716,0.727,3781,60.111,0,2025
2025-02,China Airlines,Taiwan,13195,224.47,22.581,11880,596.585,0,2025
2025-02,Eva Air,Taiwan,3822,93.509,0.66,3575,86.856,0,2025
2025-03,China Airlines,Taiwan,11782,486.751,39.189,12724,394.518,1.056,2025
2025-03,Eva Air,Taiwan,2571,216.031,0.757,3931,111.816,0,2025
2025-04,China Airlines,Taiwan,13813,466.957,40.147,15131,255.624,0,2025
2025-04,Eva Air,Taiwan,3387,178.952,0.526,4047,103.259,0,2025
2025-05,China Airlines,Taiwan,12205,479.966,47.475,12599,416.408,0,2025
2025-05,Eva Air,Taiwan,3623,220.526,0.787,4072,186.373,0,2025
2025-06,China Airlines,Taiwan,12685,515.041,38.148,14491,358.106,0,2025
2025-06,Eva Air,Taiwan,3537,205.089,0.716,4300,96.15,0,2025
2025-06,Qantas Airways,Taiwan,..,..,..,..,86.929,0,2025
2025-07,China Airlines,Taiwan,17094,425.938,39.178,15332,360.201,0,2026
2025-07,Eva Air,Taiwan,5726,239.636,0.766,5520,163.936,0,2026
2025-08,China Airlines,Taiwan,15845,542.858,38.134,17086,495.985,0,2026
2025-08,Eva Air,Taiwan,4669,237.56,0.713,5440,127.369,0,2026
2025-09,China Airlines,Taiwan,12107,532.919,32.696,15321,523.098,0,2026
2025-09,Eva Air,Taiwan,3194,200.456,0.832,4294,158.501,0,2026
2025-10,China Airlines,Taiwan,15450,475.42,37.899,14982,557.133,0,2026
2025-10,Eva Air,Taiwan,3725,200.394,0.929,4074,139.23,0,2026
2025-11,China Airlines,Taiwan,13687,599.634,39,15874,685.63,0,2026
2025-11,Eva Air,Taiwan,2845,213.672,1.076,3948,160.865,0,2026
2025-12,China Airlines,Taiwan,14433,537.676,36.894,18569,793.099,0,2026
2025-12,Eva Air,Taiwan,3528,175.062,0.698,5500,208.189,0,2026
2026-01,China Airlines,Taiwan,18992,399.812,33.313,15267,762.436,0,2026
2026-01,Eva Air,Taiwan,5609,178.302,0.792,4321,179.861,0,2026
2026-02,China Airlines,Taiwan,17509,316.879,24.064,16478,678.329,0,2026
2026-02,Eva Air,Taiwan,4814,166.697,0.639,4925,185.432,0,2026
2026-03,China Airlines,Taiwan,14717,438.146,29.506,16439,558.142,0,2026
2026-03,Eva Air,Taiwan,2788,194.636,0.679,4335,150.891,0,2026
2026-04,China Airlines,Taiwan,14413,406.006,27.487,13412,414.75,2.383,2026
2026-04,Eva Air,Taiwan,3891,162.798,1.09,4178,118.632,0,2026
2026-05,China Airlines,Taiwan,13526,487.651,27.503,14437,670.394,0,2026
2026-05,Eva Air,Taiwan,2686,222.406,0.947,3897,134.021,0,2026
2026-06,China Airlines,Taiwan,13074,559.534,24.577,15500,673.627,0,2026
2026-06,Eva Air,Taiwan,3256,245.546,1.354,5181,178.055,0,2026
